run,trace,timeslot,admission_ms
1,ibg-experiment-20260721T165822Z-run001.jsonl,1,5553.166438
1,ibg-experiment-20260721T165822Z-run001.jsonl,2,5630.570731
1,ibg-experiment-20260721T165822Z-run001.jsonl,3,5571.70825
1,ibg-experiment-20260721T165822Z-run001.jsonl,4,5549.219708
1,ibg-experiment-20260721T165822Z-run001.jsonl,5,5490.84765
1,ibg-experiment-20260721T165822Z-run001.jsonl,6,5558.303697
1,ibg-experiment-20260721T165822Z-run001.jsonl,7,5596.800549
1,ibg-experiment-20260721T165822Z-run001.jsonl,8,5564.886268
1,ibg-experiment-20260721T165822Z-run001.jsonl,9,5616.383475
1,ibg-experiment-20260721T165822Z-run001.jsonl,10,5588.406596
1,ibg-experiment-20260721T165822Z-run001.jsonl,11,5556.371085
1,ibg-experiment-20260721T165822Z-run001.jsonl,12,5510.543959
1,ibg-experiment-20260721T165822Z-run001.jsonl,13,5656.788341
2,ibg-experiment-20260721T165943Z-run002.jsonl,1,5621.772438
2,ibg-experiment-20260721T165943Z-run002.jsonl,2,5680.237955
2,ibg-experiment-20260721T165943Z-run002.jsonl,3,5585.569354
2,ibg-experiment-20260721T165943Z-run002.jsonl,4,5602.041925
2,ibg-experiment-20260721T165943Z-run002.jsonl,5,5568.299042
2,ibg-experiment-20260721T165943Z-run002.jsonl,6,5663.310373
2,ibg-experiment-20260721T165943Z-run002.jsonl,7,5555.802048
2,ibg-experiment-20260721T165943Z-run002.jsonl,8,5601.024323
2,ibg-experiment-20260721T165943Z-run002.jsonl,9,5494.164982
2,ibg-experiment-20260721T165943Z-run002.jsonl,10,5624.2182
2,ibg-experiment-20260721T165943Z-run002.jsonl,11,5565.764227
2,ibg-experiment-20260721T165943Z-run002.jsonl,12,5621.878082
3,ibg-experiment-20260721T170059Z-run003.jsonl,1,5631.752116
3,ibg-experiment-20260721T170059Z-run003.jsonl,2,5594.84648
3,ibg-experiment-20260721T170059Z-run003.jsonl,3,5601.870988
3,ibg-experiment-20260721T170059Z-run003.jsonl,4,5586.827538
3,ibg-experiment-20260721T170059Z-run003.jsonl,5,5626.465456
3,ibg-experiment-20260721T170059Z-run003.jsonl,6,5577.140247
3,ibg-experiment-20260721T170059Z-run003.jsonl,7,5610.417129
3,ibg-experiment-20260721T170059Z-run003.jsonl,8,5657.589159
3,ibg-experiment-20260721T170059Z-run003.jsonl,9,5622.22651
3,ibg-experiment-20260721T170059Z-run003.jsonl,10,5700.493756
3,ibg-experiment-20260721T170059Z-run003.jsonl,11,5707.17475
3,ibg-experiment-20260721T170059Z-run003.jsonl,12,5697.179166
3,ibg-experiment-20260721T170059Z-run003.jsonl,13,5710.275114
3,ibg-experiment-20260721T170059Z-run003.jsonl,14,5632.635431
4,ibg-experiment-20260721T170227Z-run004.jsonl,1,5950.596242
4,ibg-experiment-20260721T170227Z-run004.jsonl,2,5902.373075
4,ibg-experiment-20260721T170227Z-run004.jsonl,3,5862.074645
4,ibg-experiment-20260721T170227Z-run004.jsonl,4,7218.757854
4,ibg-experiment-20260721T170227Z-run004.jsonl,5,7728.857448
4,ibg-experiment-20260721T170227Z-run004.jsonl,6,7725.221425
4,ibg-experiment-20260721T170227Z-run004.jsonl,7,7698.766266
4,ibg-experiment-20260721T170227Z-run004.jsonl,8,7827.662823
4,ibg-experiment-20260721T170227Z-run004.jsonl,9,7825.144311
4,ibg-experiment-20260721T170227Z-run004.jsonl,10,7797.123038
4,ibg-experiment-20260721T170227Z-run004.jsonl,11,7937.239293
4,ibg-experiment-20260721T170227Z-run004.jsonl,12,7831.116633
4,ibg-experiment-20260721T170227Z-run004.jsonl,13,7961.976867
5,ibg-experiment-20260721T170411Z-run005.jsonl,1,7907.786022
5,ibg-experiment-20260721T170411Z-run005.jsonl,2,8006.261492
5,ibg-experiment-20260721T170411Z-run005.jsonl,3,7915.387388
5,ibg-experiment-20260721T170411Z-run005.jsonl,4,7892.092802
5,ibg-experiment-20260721T170411Z-run005.jsonl,5,7893.294666
5,ibg-experiment-20260721T170411Z-run005.jsonl,6,7809.690061
5,ibg-experiment-20260721T170411Z-run005.jsonl,7,7817.876964
5,ibg-experiment-20260721T170411Z-run005.jsonl,8,7823.379052
5,ibg-experiment-20260721T170411Z-run005.jsonl,9,7806.491577
5,ibg-experiment-20260721T170411Z-run005.jsonl,10,7784.081077
5,ibg-experiment-20260721T170411Z-run005.jsonl,11,7923.628351
5,ibg-experiment-20260721T170411Z-run005.jsonl,12,8066.064953
5,ibg-experiment-20260721T170411Z-run005.jsonl,13,8313.04164
5,ibg-experiment-20260721T170411Z-run005.jsonl,14,8120.33926
5,ibg-experiment-20260721T170411Z-run005.jsonl,15,8418.082651
5,ibg-experiment-20260721T170411Z-run005.jsonl,16,8201.84603
5,ibg-experiment-20260721T170411Z-run005.jsonl,17,8180.941589
6,ibg-experiment-20260721T170639Z-run006.jsonl,1,8261.788714
6,ibg-experiment-20260721T170639Z-run006.jsonl,2,8216.095195
6,ibg-experiment-20260721T170639Z-run006.jsonl,3,8229.335086
6,ibg-experiment-20260721T170639Z-run006.jsonl,4,8221.430763
6,ibg-experiment-20260721T170639Z-run006.jsonl,5,8230.236898
6,ibg-experiment-20260721T170639Z-run006.jsonl,6,8125.303371
6,ibg-experiment-20260721T170639Z-run006.jsonl,7,8170.128014
6,ibg-experiment-20260721T170639Z-run006.jsonl,8,8181.462002
6,ibg-experiment-20260721T170639Z-run006.jsonl,9,8299.222177
6,ibg-experiment-20260721T170639Z-run006.jsonl,10,8286.09733
6,ibg-experiment-20260721T170639Z-run006.jsonl,11,8134.286018
6,ibg-experiment-20260721T170639Z-run006.jsonl,12,8362.68022
6,ibg-experiment-20260721T170639Z-run006.jsonl,13,8405.790863
6,ibg-experiment-20260721T170639Z-run006.jsonl,14,8183.362289
6,ibg-experiment-20260721T170639Z-run006.jsonl,15,8304.661975
6,ibg-experiment-20260721T170639Z-run006.jsonl,16,8212.213698
6,ibg-experiment-20260721T170639Z-run006.jsonl,17,8111.282319
6,ibg-experiment-20260721T170639Z-run006.jsonl,18,8352.710709
6,ibg-experiment-20260721T170639Z-run006.jsonl,19,8223.397313
7,ibg-experiment-20260721T170929Z-run007.jsonl,1,7834.027451
7,ibg-experiment-20260721T170929Z-run007.jsonl,2,8160.72388
7,ibg-experiment-20260721T170929Z-run007.jsonl,3,8041.316443
7,ibg-experiment-20260721T170929Z-run007.jsonl,4,8139.902855
7,ibg-experiment-20260721T170929Z-run007.jsonl,5,8064.093848
7,ibg-experiment-20260721T170929Z-run007.jsonl,6,7895.874609
7,ibg-experiment-20260721T170929Z-run007.jsonl,7,7933.576073
7,ibg-experiment-20260721T170929Z-run007.jsonl,8,8173.491488
7,ibg-experiment-20260721T170929Z-run007.jsonl,9,8156.390046
7,ibg-experiment-20260721T170929Z-run007.jsonl,10,7933.633158
7,ibg-experiment-20260721T170929Z-run007.jsonl,11,7968.83437
7,ibg-experiment-20260721T170929Z-run007.jsonl,12,8085.247151
7,ibg-experiment-20260721T170929Z-run007.jsonl,13,8163.560066
7,ibg-experiment-20260721T170929Z-run007.jsonl,14,8119.399122
8,ibg-experiment-20260721T171133Z-run008.jsonl,1,8127.662465
8,ibg-experiment-20260721T171133Z-run008.jsonl,2,8067.329416
8,ibg-experiment-20260721T171133Z-run008.jsonl,3,8095.863133
8,ibg-experiment-20260721T171133Z-run008.jsonl,4,7964.488387
8,ibg-experiment-20260721T171133Z-run008.jsonl,5,7934.471048
8,ibg-experiment-20260721T171133Z-run008.jsonl,6,8120.568999
8,ibg-experiment-20260721T171133Z-run008.jsonl,7,8140.05516
8,ibg-experiment-20260721T171133Z-run008.jsonl,8,8097.378374
8,ibg-experiment-20260721T171133Z-run008.jsonl,9,8178.762232
8,ibg-experiment-20260721T171133Z-run008.jsonl,10,8068.528473
8,ibg-experiment-20260721T171133Z-run008.jsonl,11,8292.018852
8,ibg-experiment-20260721T171133Z-run008.jsonl,12,8009.726934
8,ibg-experiment-20260721T171133Z-run008.jsonl,13,8219.811753
8,ibg-experiment-20260721T171133Z-run008.jsonl,14,8100.861932
9,ibg-experiment-20260721T171338Z-run009.jsonl,1,8088.873104
9,ibg-experiment-20260721T171338Z-run009.jsonl,2,8171.389474
9,ibg-experiment-20260721T171338Z-run009.jsonl,3,8019.648723
9,ibg-experiment-20260721T171338Z-run009.jsonl,4,8080.818708
9,ibg-experiment-20260721T171338Z-run009.jsonl,5,8280.402378
9,ibg-experiment-20260721T171338Z-run009.jsonl,6,8233.468204
9,ibg-experiment-20260721T171338Z-run009.jsonl,7,8125.665903
9,ibg-experiment-20260721T171338Z-run009.jsonl,8,8303.548795
9,ibg-experiment-20260721T171338Z-run009.jsonl,9,8111.519022
9,ibg-experiment-20260721T171338Z-run009.jsonl,10,8134.453469
9,ibg-experiment-20260721T171338Z-run009.jsonl,11,7942.925883
9,ibg-experiment-20260721T171338Z-run009.jsonl,12,8010.181617
9,ibg-experiment-20260721T171338Z-run009.jsonl,13,8195.458863
9,ibg-experiment-20260721T171338Z-run009.jsonl,14,7964.667861
9,ibg-experiment-20260721T171338Z-run009.jsonl,15,8026.214028
9,ibg-experiment-20260721T171338Z-run009.jsonl,16,8156.932688
9,ibg-experiment-20260721T171338Z-run009.jsonl,17,8203.635326
10,ibg-experiment-20260721T171609Z-run010.jsonl,1,8537.821132
10,ibg-experiment-20260721T171609Z-run010.jsonl,2,8509.639062
10,ibg-experiment-20260721T171609Z-run010.jsonl,3,8511.132025
10,ibg-experiment-20260721T171609Z-run010.jsonl,4,8627.525261
10,ibg-experiment-20260721T171609Z-run010.jsonl,5,8714.368021
10,ibg-experiment-20260721T171609Z-run010.jsonl,6,8671.923659
10,ibg-experiment-20260721T171609Z-run010.jsonl,7,8522.543462
10,ibg-experiment-20260721T171609Z-run010.jsonl,8,8561.051338
10,ibg-experiment-20260721T171609Z-run010.jsonl,9,8452.091163
10,ibg-experiment-20260721T171609Z-run010.jsonl,10,8468.50477
10,ibg-experiment-20260721T171609Z-run010.jsonl,11,8459.809242
10,ibg-experiment-20260721T171609Z-run010.jsonl,12,8725.245549
