run,trace,timeslot,payload_bytes,kubernetes_discovery_rx_bytes,route_command_tx_bytes,selected_telemetry_rx_bytes
1,ibg-experiment-20260721T180604Z.jsonl,1,313899,254134,4755,55010
1,ibg-experiment-20260721T180604Z.jsonl,2,313624,254134,4755,54735
1,ibg-experiment-20260721T180604Z.jsonl,3,313474,254134,4755,54585
1,ibg-experiment-20260721T180604Z.jsonl,4,313322,254134,4755,54433
1,ibg-experiment-20260721T180604Z.jsonl,5,312979,254134,4755,54090
1,ibg-experiment-20260721T180604Z.jsonl,6,312952,254134,4755,54063
1,ibg-experiment-20260721T180604Z.jsonl,7,312566,254134,4755,53677
1,ibg-experiment-20260721T180604Z.jsonl,8,312070,254134,4755,53181
1,ibg-experiment-20260721T180604Z.jsonl,9,311923,254134,4755,53034
1,ibg-experiment-20260721T180604Z.jsonl,10,311897,254134,4756,53007
1,ibg-experiment-20260721T180604Z.jsonl,11,311660,254134,4756,52770
1,ibg-experiment-20260721T180604Z.jsonl,12,311549,254134,4756,52659
1,ibg-experiment-20260721T180604Z.jsonl,13,311716,254134,4756,52826
1,ibg-experiment-20260721T180604Z.jsonl,14,311528,254134,4756,52638
1,ibg-experiment-20260721T180604Z.jsonl,15,311475,254134,4756,52585
1,ibg-experiment-20260721T180604Z.jsonl,16,311413,254134,4756,52523
1,ibg-experiment-20260721T180604Z.jsonl,17,311318,254134,4756,52428
1,ibg-experiment-20260721T180604Z.jsonl,18,311250,254134,4756,52360
1,ibg-experiment-20260721T180604Z.jsonl,19,311280,254134,4756,52390
1,ibg-experiment-20260721T180604Z.jsonl,20,311187,254134,4756,52297
1,ibg-experiment-20260721T180604Z.jsonl,21,311249,254134,4756,52359
1,ibg-experiment-20260721T180604Z.jsonl,22,311254,254134,4756,52364
1,ibg-experiment-20260721T180604Z.jsonl,23,311213,254134,4756,52323
2,ibg-experiment-20260721T182435Z.jsonl,1,302383,254035,4720,43628
2,ibg-experiment-20260721T182435Z.jsonl,2,302130,254035,4720,43375
2,ibg-experiment-20260721T182435Z.jsonl,3,302071,254035,4720,43316
2,ibg-experiment-20260721T182435Z.jsonl,4,301694,254035,4720,42939
2,ibg-experiment-20260721T182435Z.jsonl,5,301174,254035,4720,42419
2,ibg-experiment-20260721T182435Z.jsonl,6,301462,254035,4720,42707
2,ibg-experiment-20260721T182435Z.jsonl,7,300709,254035,4720,41954
2,ibg-experiment-20260721T182435Z.jsonl,8,300580,254035,4720,41825
2,ibg-experiment-20260721T182435Z.jsonl,9,300418,254035,4720,41663
2,ibg-experiment-20260721T182435Z.jsonl,10,299932,254035,4721,41176
2,ibg-experiment-20260721T182435Z.jsonl,11,299980,254035,4721,41224
2,ibg-experiment-20260721T182435Z.jsonl,12,299678,254035,4721,40922
2,ibg-experiment-20260721T182435Z.jsonl,13,299974,254035,4721,41218
2,ibg-experiment-20260721T182435Z.jsonl,14,299737,254035,4721,40981
2,ibg-experiment-20260721T182435Z.jsonl,15,299748,254035,4721,40992
2,ibg-experiment-20260721T182435Z.jsonl,16,299754,254035,4721,40998
2,ibg-experiment-20260721T182435Z.jsonl,17,299539,254035,4721,40783
2,ibg-experiment-20260721T182435Z.jsonl,18,299604,254035,4721,40848
3,ibg-experiment-20260721T185103Z.jsonl,1,302328,254043,4720,43565
3,ibg-experiment-20260721T185103Z.jsonl,2,301615,254043,4720,42852
3,ibg-experiment-20260721T185103Z.jsonl,3,301767,254043,4720,43004
3,ibg-experiment-20260721T185103Z.jsonl,4,301397,254043,4720,42634
3,ibg-experiment-20260721T185103Z.jsonl,5,301258,254043,4720,42495
3,ibg-experiment-20260721T185103Z.jsonl,6,301190,254043,4720,42427
3,ibg-experiment-20260721T185103Z.jsonl,7,300780,254043,4720,42017
3,ibg-experiment-20260721T185103Z.jsonl,8,300623,254043,4720,41860
3,ibg-experiment-20260721T185103Z.jsonl,9,300453,254043,4720,41690
3,ibg-experiment-20260721T185103Z.jsonl,10,300055,254043,4721,41291
3,ibg-experiment-20260721T185103Z.jsonl,11,299919,254043,4721,41155
3,ibg-experiment-20260721T185103Z.jsonl,12,299796,254043,4721,41032
3,ibg-experiment-20260721T185103Z.jsonl,13,299830,254043,4721,41066
3,ibg-experiment-20260721T185103Z.jsonl,14,299738,254043,4721,40974
3,ibg-experiment-20260721T185103Z.jsonl,15,299901,254043,4721,41137
3,ibg-experiment-20260721T185103Z.jsonl,16,299661,254043,4721,40897
3,ibg-experiment-20260721T185103Z.jsonl,17,299694,254043,4721,40930
3,ibg-experiment-20260721T185103Z.jsonl,18,299465,254043,4721,40701
3,ibg-experiment-20260721T185103Z.jsonl,19,299784,254043,4721,41020
3,ibg-experiment-20260721T185103Z.jsonl,20,299583,254043,4721,40819
3,ibg-experiment-20260721T185103Z.jsonl,21,299638,254043,4721,40874
3,ibg-experiment-20260721T185103Z.jsonl,22,299516,254043,4721,40752
4,ibg-experiment-20260721T191126Z.jsonl,1,330979,254286,4791,71902
4,ibg-experiment-20260721T191126Z.jsonl,2,330978,254286,4791,71901
4,ibg-experiment-20260721T191126Z.jsonl,3,330016,254286,4791,70939
4,ibg-experiment-20260721T191126Z.jsonl,4,329811,254286,4791,70734
4,ibg-experiment-20260721T191126Z.jsonl,5,328986,254286,4791,69909
4,ibg-experiment-20260721T191126Z.jsonl,6,328464,254286,4791,69387
4,ibg-experiment-20260721T191126Z.jsonl,7,326157,254286,4791,67080
4,ibg-experiment-20260721T191126Z.jsonl,8,325077,254286,4791,66000
4,ibg-experiment-20260721T191126Z.jsonl,9,325182,254286,4791,66105
4,ibg-experiment-20260721T191126Z.jsonl,10,322406,254286,4792,63328
4,ibg-experiment-20260721T191126Z.jsonl,11,323372,254286,4792,64294
4,ibg-experiment-20260721T191126Z.jsonl,12,322416,254286,4792,63338
4,ibg-experiment-20260721T191126Z.jsonl,13,322479,254286,4792,63401
4,ibg-experiment-20260721T191126Z.jsonl,14,321795,254286,4792,62717
4,ibg-experiment-20260721T191126Z.jsonl,15,321639,254286,4792,62561
4,ibg-experiment-20260721T191126Z.jsonl,16,321649,254286,4792,62571
4,ibg-experiment-20260721T191126Z.jsonl,17,320754,254286,4792,61676
5,ibg-experiment-20260721T191634Z.jsonl,1,313976,254286,4755,54935
5,ibg-experiment-20260721T191634Z.jsonl,2,313817,254286,4755,54776
5,ibg-experiment-20260721T191634Z.jsonl,3,313538,254286,4755,54497
5,ibg-experiment-20260721T191634Z.jsonl,4,313161,254286,4755,54120
5,ibg-experiment-20260721T191634Z.jsonl,5,312927,254286,4755,53886
5,ibg-experiment-20260721T191634Z.jsonl,6,312496,254286,4755,53455
5,ibg-experiment-20260721T191634Z.jsonl,7,312432,254286,4755,53391
5,ibg-experiment-20260721T191634Z.jsonl,8,312180,254286,4755,53139
5,ibg-experiment-20260721T191634Z.jsonl,9,311719,254286,4755,52678
5,ibg-experiment-20260721T191634Z.jsonl,10,311719,254286,4756,52677
5,ibg-experiment-20260721T191634Z.jsonl,11,311628,254286,4756,52586
5,ibg-experiment-20260721T191634Z.jsonl,12,311572,254286,4756,52530
6,ibg-experiment-20260721T192135Z.jsonl,1,302510,254286,4720,43504
6,ibg-experiment-20260721T192135Z.jsonl,2,301860,254286,4720,42854
6,ibg-experiment-20260721T192135Z.jsonl,3,301725,254286,4720,42719
6,ibg-experiment-20260721T192135Z.jsonl,4,301702,254286,4720,42696
6,ibg-experiment-20260721T192135Z.jsonl,5,301372,254286,4720,42366
6,ibg-experiment-20260721T192135Z.jsonl,6,300960,254286,4720,41954
6,ibg-experiment-20260721T192135Z.jsonl,7,300662,254286,4720,41656
6,ibg-experiment-20260721T192135Z.jsonl,8,300363,254286,4720,41357
6,ibg-experiment-20260721T192135Z.jsonl,9,300621,254286,4720,41615
6,ibg-experiment-20260721T192135Z.jsonl,10,300316,254286,4721,41309
6,ibg-experiment-20260721T192135Z.jsonl,11,300192,254286,4721,41185
6,ibg-experiment-20260721T192135Z.jsonl,12,300114,254286,4721,41107
6,ibg-experiment-20260721T192135Z.jsonl,13,299893,254286,4721,40886
6,ibg-experiment-20260721T192135Z.jsonl,14,299905,254286,4721,40898
7,ibg-experiment-20260721T193017Z.jsonl,1,330829,254286,4791,71752
7,ibg-experiment-20260721T193017Z.jsonl,2,330662,254286,4791,71585
7,ibg-experiment-20260721T193017Z.jsonl,3,329714,254286,4791,70637
7,ibg-experiment-20260721T193017Z.jsonl,4,329299,254286,4791,70222
7,ibg-experiment-20260721T193017Z.jsonl,5,328430,254286,4791,69353
7,ibg-experiment-20260721T193017Z.jsonl,6,327064,254286,4791,67987
7,ibg-experiment-20260721T193017Z.jsonl,7,323666,254286,4791,64589
7,ibg-experiment-20260721T193017Z.jsonl,8,324048,254286,4791,64971
7,ibg-experiment-20260721T193017Z.jsonl,9,323610,254286,4791,64533
7,ibg-experiment-20260721T193017Z.jsonl,10,322426,254286,4792,63348
7,ibg-experiment-20260721T193017Z.jsonl,11,322430,254286,4792,63352
7,ibg-experiment-20260721T193017Z.jsonl,12,322481,254286,4792,63403
7,ibg-experiment-20260721T193017Z.jsonl,13,322540,254286,4792,63462
8,ibg-experiment-20260721T193529Z.jsonl,1,331115,254286,4791,72038
8,ibg-experiment-20260721T193529Z.jsonl,2,330622,254286,4791,71545
8,ibg-experiment-20260721T193529Z.jsonl,3,329768,254286,4791,70691
8,ibg-experiment-20260721T193529Z.jsonl,4,329392,254286,4791,70315
8,ibg-experiment-20260721T193529Z.jsonl,5,328456,254286,4791,69379
8,ibg-experiment-20260721T193529Z.jsonl,6,326840,254286,4791,67763
8,ibg-experiment-20260721T193529Z.jsonl,7,323645,254286,4791,64568
8,ibg-experiment-20260721T193529Z.jsonl,8,324194,254286,4791,65117
8,ibg-experiment-20260721T193529Z.jsonl,9,322704,254286,4791,63627
8,ibg-experiment-20260721T193529Z.jsonl,10,322416,254286,4792,63338
8,ibg-experiment-20260721T193529Z.jsonl,11,322428,254286,4792,63350
8,ibg-experiment-20260721T193529Z.jsonl,12,322308,254286,4792,63230
8,ibg-experiment-20260721T193529Z.jsonl,13,322471,254286,4792,63393
9,ibg-experiment-20260721T195439Z.jsonl,1,302271,254286,4720,43265
9,ibg-experiment-20260721T195439Z.jsonl,2,302294,254286,4720,43288
9,ibg-experiment-20260721T195439Z.jsonl,3,301915,254286,4720,42909
9,ibg-experiment-20260721T195439Z.jsonl,4,301615,254286,4720,42609
9,ibg-experiment-20260721T195439Z.jsonl,5,301567,254286,4720,42561
9,ibg-experiment-20260721T195439Z.jsonl,6,301303,254286,4720,42297
9,ibg-experiment-20260721T195439Z.jsonl,7,300795,254286,4720,41789
9,ibg-experiment-20260721T195439Z.jsonl,8,300557,254286,4720,41551
9,ibg-experiment-20260721T195439Z.jsonl,9,300530,254286,4720,41524
9,ibg-experiment-20260721T195439Z.jsonl,10,300145,254286,4721,41138
9,ibg-experiment-20260721T195439Z.jsonl,11,300212,254286,4721,41205
9,ibg-experiment-20260721T195439Z.jsonl,12,300001,254286,4721,40994
9,ibg-experiment-20260721T195439Z.jsonl,13,300201,254286,4721,41194
9,ibg-experiment-20260721T195439Z.jsonl,14,300099,254286,4721,41092
9,ibg-experiment-20260721T195439Z.jsonl,15,300108,254286,4721,41101
10,ibg-experiment-20260721T202043Z.jsonl,1,374136,254286,4791,115059
10,ibg-experiment-20260721T202043Z.jsonl,2,373831,254286,4791,114754
10,ibg-experiment-20260721T202043Z.jsonl,3,372695,254286,4791,113618
10,ibg-experiment-20260721T202043Z.jsonl,4,372501,254286,4791,113424
10,ibg-experiment-20260721T202043Z.jsonl,5,371540,254286,4791,112463
10,ibg-experiment-20260721T202043Z.jsonl,6,369693,254286,4791,110616
10,ibg-experiment-20260721T202043Z.jsonl,7,366527,254286,4791,107450
10,ibg-experiment-20260721T202043Z.jsonl,8,368080,254286,4791,109003
10,ibg-experiment-20260721T202043Z.jsonl,9,365637,254286,4791,106560
10,ibg-experiment-20260721T202043Z.jsonl,10,365574,254286,4792,106496
10,ibg-experiment-20260721T202043Z.jsonl,11,365428,254286,4792,106350
10,ibg-experiment-20260721T202043Z.jsonl,12,365298,254286,4792,106220
10,ibg-experiment-20260721T202043Z.jsonl,13,365466,254286,4792,106388
10,ibg-experiment-20260721T202043Z.jsonl,14,364693,254286,4792,105615
10,ibg-experiment-20260721T202043Z.jsonl,15,365280,254286,4792,106202
11,ibg-experiment-20260721T204229Z.jsonl,1,408407,254278,4791,149338
11,ibg-experiment-20260721T204229Z.jsonl,2,407843,254278,4791,148774
11,ibg-experiment-20260721T204229Z.jsonl,3,406826,254278,4791,147757
11,ibg-experiment-20260721T204229Z.jsonl,4,406629,254278,4791,147560
11,ibg-experiment-20260721T204229Z.jsonl,5,406099,254278,4791,147030
11,ibg-experiment-20260721T204229Z.jsonl,6,404719,254278,4791,145650
11,ibg-experiment-20260721T204229Z.jsonl,7,402249,254278,4791,143180
11,ibg-experiment-20260721T204229Z.jsonl,8,402885,254278,4791,143816
11,ibg-experiment-20260721T204229Z.jsonl,9,399872,254278,4791,140803
11,ibg-experiment-20260721T204229Z.jsonl,10,399654,254278,4792,140584
11,ibg-experiment-20260721T204229Z.jsonl,11,400468,254278,4792,141398
11,ibg-experiment-20260721T204229Z.jsonl,12,399694,254278,4792,140624
11,ibg-experiment-20260721T204229Z.jsonl,13,399790,254278,4792,140720
11,ibg-experiment-20260721T204229Z.jsonl,14,398825,254278,4792,139755
11,ibg-experiment-20260721T204229Z.jsonl,15,398773,254278,4792,139703
11,ibg-experiment-20260721T204229Z.jsonl,16,398055,254278,4792,138985
11,ibg-experiment-20260721T204229Z.jsonl,17,397869,254278,4792,138799
11,ibg-experiment-20260721T204229Z.jsonl,18,397891,254278,4792,138821
11,ibg-experiment-20260721T204229Z.jsonl,19,397050,254278,4792,137980
11,ibg-experiment-20260721T204229Z.jsonl,20,396988,254278,4792,137918
11,ibg-experiment-20260721T204229Z.jsonl,21,397805,254278,4792,138735
12,ibg-experiment-20260721T205120Z.jsonl,1,408500,254286,4791,149423
12,ibg-experiment-20260721T205120Z.jsonl,2,408323,254286,4791,149246
12,ibg-experiment-20260721T205120Z.jsonl,3,407335,254286,4791,148258
12,ibg-experiment-20260721T205120Z.jsonl,4,406948,254286,4791,147871
12,ibg-experiment-20260721T205120Z.jsonl,5,406102,254286,4791,147025
12,ibg-experiment-20260721T205120Z.jsonl,6,404363,254286,4791,145286
12,ibg-experiment-20260721T205120Z.jsonl,7,402580,254286,4791,143503
12,ibg-experiment-20260721T205120Z.jsonl,8,402503,254286,4791,143426
12,ibg-experiment-20260721T205120Z.jsonl,9,400111,254286,4791,141034
12,ibg-experiment-20260721T205120Z.jsonl,10,400027,254286,4792,140949
12,ibg-experiment-20260721T205120Z.jsonl,11,400048,254286,4792,140970
12,ibg-experiment-20260721T205120Z.jsonl,12,399945,254286,4792,140867
12,ibg-experiment-20260721T205120Z.jsonl,13,399990,254286,4792,140912
12,ibg-experiment-20260721T205120Z.jsonl,14,399181,254286,4792,140103
13,ibg-experiment-20260721T210935Z.jsonl,1,412444,258150,4791,149503
13,ibg-experiment-20260721T210935Z.jsonl,2,411892,258150,4791,148951
13,ibg-experiment-20260721T210935Z.jsonl,3,410895,258150,4791,147954
13,ibg-experiment-20260721T210935Z.jsonl,4,410658,258150,4791,147717
13,ibg-experiment-20260721T210935Z.jsonl,5,409541,258150,4791,146600
13,ibg-experiment-20260721T210935Z.jsonl,6,407835,258150,4791,144894
13,ibg-experiment-20260721T210935Z.jsonl,7,406377,258150,4791,143436
13,ibg-experiment-20260721T210935Z.jsonl,8,405958,258150,4791,143017
13,ibg-experiment-20260721T210935Z.jsonl,9,404421,258150,4791,141480
13,ibg-experiment-20260721T210935Z.jsonl,10,403319,258150,4792,140377
13,ibg-experiment-20260721T210935Z.jsonl,11,403202,258150,4792,140260
13,ibg-experiment-20260721T210935Z.jsonl,12,402248,258150,4792,139306
13,ibg-experiment-20260721T210935Z.jsonl,13,403337,258150,4792,140395
13,ibg-experiment-20260721T210935Z.jsonl,14,403148,258150,4792,140206
14,ibg-experiment-20260721T211953Z.jsonl,1,306188,258150,4720,43318
14,ibg-experiment-20260721T211953Z.jsonl,2,306286,258150,4720,43416
14,ibg-experiment-20260721T211953Z.jsonl,3,305886,258150,4720,43016
14,ibg-experiment-20260721T211953Z.jsonl,4,305353,258150,4720,42483
14,ibg-experiment-20260721T211953Z.jsonl,5,305069,258150,4720,42199
14,ibg-experiment-20260721T211953Z.jsonl,6,304848,258150,4720,41978
14,ibg-experiment-20260721T211953Z.jsonl,7,304732,258150,4720,41862
14,ibg-experiment-20260721T211953Z.jsonl,8,304473,258150,4720,41603
14,ibg-experiment-20260721T211953Z.jsonl,9,304095,258150,4720,41225
14,ibg-experiment-20260721T211953Z.jsonl,10,303982,258150,4721,41111
14,ibg-experiment-20260721T211953Z.jsonl,11,304084,258150,4721,41213
14,ibg-experiment-20260721T211953Z.jsonl,12,303859,258150,4721,40988
14,ibg-experiment-20260721T211953Z.jsonl,13,304004,258150,4721,41133
15,ibg-experiment-20260721T212603Z.jsonl,1,306344,258207,4720,43417
15,ibg-experiment-20260721T212603Z.jsonl,2,306254,258207,4720,43327
15,ibg-experiment-20260721T212603Z.jsonl,3,305710,258207,4720,42783
15,ibg-experiment-20260721T212603Z.jsonl,4,305779,258207,4720,42852
15,ibg-experiment-20260721T212603Z.jsonl,5,305246,258207,4720,42319
15,ibg-experiment-20260721T212603Z.jsonl,6,305127,258207,4720,42200
15,ibg-experiment-20260721T212603Z.jsonl,7,304620,258207,4720,41693
15,ibg-experiment-20260721T212603Z.jsonl,8,304438,258207,4720,41511
15,ibg-experiment-20260721T212603Z.jsonl,9,304193,258207,4720,41266
15,ibg-experiment-20260721T212603Z.jsonl,10,304042,258207,4721,41114
15,ibg-experiment-20260721T212603Z.jsonl,11,303963,258207,4721,41035
15,ibg-experiment-20260721T212603Z.jsonl,12,304056,258207,4721,41128
15,ibg-experiment-20260721T212603Z.jsonl,13,304049,258207,4721,41121
16,ibg-experiment-20260722T085020Z.jsonl,1,316420,268321,4720,43379
16,ibg-experiment-20260722T085020Z.jsonl,2,316305,268321,4720,43264
16,ibg-experiment-20260722T085020Z.jsonl,3,315777,268321,4720,42736
16,ibg-experiment-20260722T085020Z.jsonl,4,315541,268321,4720,42500
16,ibg-experiment-20260722T085020Z.jsonl,5,315702,268321,4720,42661
16,ibg-experiment-20260722T085020Z.jsonl,6,315095,268321,4720,42054
16,ibg-experiment-20260722T085020Z.jsonl,7,314680,268321,4720,41639
16,ibg-experiment-20260722T085020Z.jsonl,8,314637,268321,4720,41596
16,ibg-experiment-20260722T085020Z.jsonl,9,314403,268321,4720,41362
16,ibg-experiment-20260722T085020Z.jsonl,10,314178,268321,4721,41136
16,ibg-experiment-20260722T085020Z.jsonl,11,314185,268321,4721,41143
16,ibg-experiment-20260722T085020Z.jsonl,12,314113,268321,4721,41071
16,ibg-experiment-20260722T085020Z.jsonl,13,314354,268321,4721,41312
16,ibg-experiment-20260722T085020Z.jsonl,14,314081,268321,4721,41039
17,ibg-experiment-20260722T090139Z.jsonl,1,422238,268321,4791,149126
17,ibg-experiment-20260722T090139Z.jsonl,2,422031,268321,4791,148919
17,ibg-experiment-20260722T090139Z.jsonl,3,420845,268321,4791,147733
17,ibg-experiment-20260722T090139Z.jsonl,4,420382,268321,4791,147270
17,ibg-experiment-20260722T090139Z.jsonl,5,419702,268321,4791,146590
17,ibg-experiment-20260722T090139Z.jsonl,6,417765,268321,4791,144653
17,ibg-experiment-20260722T090139Z.jsonl,7,415185,268321,4791,142073
17,ibg-experiment-20260722T090139Z.jsonl,8,416184,268321,4791,143072
17,ibg-experiment-20260722T090139Z.jsonl,9,413540,268321,4791,140428
17,ibg-experiment-20260722T090139Z.jsonl,10,413337,268321,4792,140224
17,ibg-experiment-20260722T090139Z.jsonl,11,413120,268321,4792,140007
17,ibg-experiment-20260722T090139Z.jsonl,12,412120,268321,4792,139007
17,ibg-experiment-20260722T090139Z.jsonl,13,413190,268321,4792,140077
18,ibg-experiment-20260722T092226Z.jsonl,1,395190,258150,4755,132285
18,ibg-experiment-20260722T092226Z.jsonl,2,394850,258150,4755,131945
18,ibg-experiment-20260722T092226Z.jsonl,3,394452,258150,4755,131547
18,ibg-experiment-20260722T092226Z.jsonl,4,394247,258150,4755,131342
18,ibg-experiment-20260722T092226Z.jsonl,5,393895,258150,4755,130990
18,ibg-experiment-20260722T092226Z.jsonl,6,393570,258150,4755,130665
18,ibg-experiment-20260722T092226Z.jsonl,7,392799,258150,4755,129894
18,ibg-experiment-20260722T092226Z.jsonl,8,393080,258150,4755,130175
18,ibg-experiment-20260722T092226Z.jsonl,9,392793,258150,4755,129888
18,ibg-experiment-20260722T092226Z.jsonl,10,392519,258150,4756,129613
18,ibg-experiment-20260722T092226Z.jsonl,11,392518,258150,4756,129612
18,ibg-experiment-20260722T092226Z.jsonl,12,392146,258150,4756,129240
19,ibg-experiment-20260722T095426Z.jsonl,1,395471,258142,4755,132574
19,ibg-experiment-20260722T095426Z.jsonl,2,395165,258142,4755,132268
19,ibg-experiment-20260722T095426Z.jsonl,3,394992,258142,4755,132095
19,ibg-experiment-20260722T095426Z.jsonl,4,394241,258142,4755,131344
19,ibg-experiment-20260722T095426Z.jsonl,5,394117,258142,4755,131220
19,ibg-experiment-20260722T095426Z.jsonl,6,393645,258142,4755,130748
19,ibg-experiment-20260722T095426Z.jsonl,7,392867,258142,4755,129970
19,ibg-experiment-20260722T095426Z.jsonl,8,393358,258142,4755,130461
19,ibg-experiment-20260722T095426Z.jsonl,9,392720,258142,4755,129823
19,ibg-experiment-20260722T095426Z.jsonl,10,392459,258142,4756,129561
19,ibg-experiment-20260722T095426Z.jsonl,11,392413,258142,4756,129515
19,ibg-experiment-20260722T095426Z.jsonl,12,392265,258142,4756,129367
19,ibg-experiment-20260722T095426Z.jsonl,13,392371,258142,4756,129473
19,ibg-experiment-20260722T095426Z.jsonl,14,392359,258142,4756,129461
19,ibg-experiment-20260722T095426Z.jsonl,15,392463,258142,4756,129565
19,ibg-experiment-20260722T095426Z.jsonl,16,392337,258142,4756,129439
20,ibg-experiment-20260722T104720Z.jsonl,1,306200,258150,4720,43330
20,ibg-experiment-20260722T104720Z.jsonl,2,306151,258150,4720,43281
20,ibg-experiment-20260722T104720Z.jsonl,3,305887,258150,4720,43017
20,ibg-experiment-20260722T104720Z.jsonl,4,305546,258150,4720,42676
20,ibg-experiment-20260722T104720Z.jsonl,5,305490,258150,4720,42620
20,ibg-experiment-20260722T104720Z.jsonl,6,304924,258150,4720,42054
20,ibg-experiment-20260722T104720Z.jsonl,7,304683,258150,4720,41813
20,ibg-experiment-20260722T104720Z.jsonl,8,304706,258150,4720,41836
20,ibg-experiment-20260722T104720Z.jsonl,9,304282,258150,4720,41412
20,ibg-experiment-20260722T104720Z.jsonl,10,303952,258150,4721,41081
20,ibg-experiment-20260722T104720Z.jsonl,11,304091,258150,4721,41220
20,ibg-experiment-20260722T104720Z.jsonl,12,304238,258150,4721,41367
20,ibg-experiment-20260722T104720Z.jsonl,13,304109,258150,4721,41238
20,ibg-experiment-20260722T104720Z.jsonl,14,303891,258150,4721,41020
20,ibg-experiment-20260722T104720Z.jsonl,15,304001,258150,4721,41130
20,ibg-experiment-20260722T104720Z.jsonl,16,303830,258150,4721,40959
20,ibg-experiment-20260722T104720Z.jsonl,17,303757,258150,4721,40886
