"(1, 1)","(1, 2)","(1, 3)","(1, 4)","(1, 5)","(1, 6)","(1, 7)","(1, 8)","(1, 9)","(1, 10)","(1, 11)","(1, 12)","(1, 13)","(1, 14)","(1, 15)","(1, 16)","(1, 17)","(1, 18)","(1, 19)","(1, 20)","(2, 1)","(2, 2)","(2, 3)","(2, 4)","(2, 5)","(2, 6)","(2, 7)","(2, 8)","(2, 9)","(2, 10)","(2, 11)","(2, 12)","(2, 13)","(2, 14)","(2, 15)","(2, 16)","(2, 17)","(2, 18)","(2, 19)","(2, 20)","(3, 1)","(3, 2)","(3, 3)","(3, 4)","(3, 5)","(3, 6)","(3, 7)","(3, 8)","(3, 9)","(3, 10)","(3, 11)","(3, 12)","(3, 13)","(3, 14)","(3, 15)","(3, 16)","(3, 17)","(3, 18)","(3, 19)","(3, 20)"
"[0.25, 0.25, 0.25, 0.25]","[0.25, 0.25, 0.25, 0.25]","[0.25, 0.25, 0.25, 0.25]","[0.25, 0.25, 0.25, 0.25]","[0.25, 0.25, 0.25, 0.25]","[0.25, 0.25, 0.25, 0.25]","[0.25, 0.25, 0.25, 0.25]","[0.25, 0.25, 0.25, 0.25]","[0.25, 0.25, 0.25, 0.25]","[0.25, 0.25, 0.25, 0.25]","[0.25, 0.25, 0.25, 0.25]","[0.25, 0.25, 0.25, 0.25]","[0.25, 0.25, 0.25, 0.25]","[0.25, 0.25, 0.25, 0.25]","[0.25, 0.25, 0.25, 0.25]","[0.25, 0.25, 0.25, 0.25]","[0.25, 0.25, 0.25, 0.25]","[0.25, 0.25, 0.25, 0.25]","[0.25, 0.25, 0.25, 0.25]","[0.25, 0.25, 0.25, 0.25]","[0.25, 0.25, 0.25, 0.25]","[0.25, 0.25, 0.25, 0.25]","[0.25, 0.25, 0.25, 0.25]","[0.25, 0.25, 0.25, 0.25]","[0.25, 0.25, 0.25, 0.25]","[0.25, 0.25, 0.25, 0.25]","[0.25, 0.25, 0.25, 0.25]","[0.25, 0.25, 0.25, 0.25]","[0.25, 0.25, 0.25, 0.25]","[0.25, 0.25, 0.25, 0.25]","[0.25, 0.25, 0.25, 0.25]","[0.25, 0.25, 0.25, 0.25]","[0.25, 0.25, 0.25, 0.25]","[0.25, 0.25, 0.25, 0.25]","[0.25, 0.25, 0.25, 0.25]","[0.25, 0.25, 0.25, 0.25]","[0.25, 0.25, 0.25, 0.25]","[0.25, 0.25, 0.25, 0.25]","[0.25, 0.25, 0.25, 0.25]","[0.25, 0.25, 0.25, 0.25]","[0.25, 0.25, 0.25, 0.25]","[0.25, 0.25, 0.25, 0.25]","[0.25, 0.25, 0.25, 0.25]","[0.25, 0.25, 0.25, 0.25]","[0.25, 0.25, 0.25, 0.25]","[0.25, 0.25, 0.25, 0.25]","[0.25, 0.25, 0.25, 0.25]","[0.25, 0.25, 0.25, 0.25]","[0.25, 0.25, 0.25, 0.25]","[0.25, 0.25, 0.25, 0.25]","[0.25, 0.25, 0.25, 0.25]","[0.25, 0.25, 0.25, 0.25]","[0.25, 0.25, 0.25, 0.25]","[0.25, 0.25, 0.25, 0.25]","[0.25, 0.25, 0.25, 0.25]","[0.25, 0.25, 0.25, 0.25]","[0.25, 0.25, 0.25, 0.25]","[0.25, 0.25, 0.25, 0.25]","[0.25, 0.25, 0.25, 0.25]","[0.25, 0.25, 0.25, 0.25]"
"[0.382, 0.218, 0.2, 0.2]","[0.254, 0.345, 0.201, 0.2]","[0.2, 0.2, 0.317, 0.283]","[0.2, 0.279, 0.32, 0.201]","[0.2, 0.2, 0.2, 0.4]","[0.392, 0.208, 0.2, 0.2]","[0.2, 0.2, 0.398, 0.202]","[0.2, 0.2, 0.2, 0.4]","[0.2, 0.2, 0.394, 0.206]","[0.397, 0.203, 0.2, 0.2]","[0.2, 0.2, 0.395, 0.205]","[0.398, 0.202, 0.2, 0.2]","[0.2, 0.398, 0.202, 0.2]","[0.2, 0.2, 0.2, 0.4]","[0.293, 0.306, 0.2, 0.2]","[0.2, 0.2, 0.39, 0.21]","[0.2, 0.2, 0.2, 0.4]","[0.2, 0.2, 0.2, 0.4]","[0.384, 0.216, 0.2, 0.2]","[0.2, 0.2, 0.396, 0.204]","[0.2, 0.343, 0.256, 0.2]","[0.222, 0.376, 0.201, 0.2]","[0.2, 0.2, 0.2, 0.4]","[0.2, 0.2, 0.395, 0.205]","[0.2, 0.2, 0.2, 0.4]","[0.365, 0.235, 0.2, 0.2]","[0.2, 0.396, 0.204, 0.2]","[0.351, 0.249, 0.2, 0.2]","[0.2, 0.343, 0.257, 0.2]","[0.2, 0.378, 0.222, 0.2]","[0.2, 0.2, 0.386, 0.214]","[0.325, 0.275, 0.2, 0.2]","[0.369, 0.231, 0.2, 0.2]","[0.2, 0.2, 0.334, 0.266]","[0.338, 0.262, 0.2, 0.2]","[0.2, 0.2, 0.383, 0.217]","[0.2, 0.2, 0.2, 0.4]","[0.2, 0.383, 0.217, 0.2]","[0.2, 0.2, 0.353, 0.247]","[0.378, 0.222, 0.2, 0.2]","[0.2, 0.2, 0.397, 0.203]","[0.2, 0.2, 0.2, 0.4]","[0.2, 0.375, 0.225, 0.2]","[0.4, 0.2, 0.2, 0.2]","[0.2, 0.373, 0.227, 0.2]","[0.2, 0.2, 0.298, 0.302]","[0.2, 0.2, 0.4, 0.2]","[0.2, 0.2, 0.2, 0.4]","[0.4, 0.2, 0.2, 0.2]","[0.2, 0.298, 0.301, 0.201]","[0.2, 0.2, 0.2, 0.4]","[0.2, 0.391, 0.209, 0.2]","[0.4, 0.2, 0.2, 0.2]","[0.2, 0.231, 0.354, 0.215]","[0.2, 0.2, 0.2, 0.4]","[0.2, 0.25, 0.345, 0.205]","[0.2, 0.2, 0.312, 0.288]","[0.2, 0.399, 0.201, 0.2]","[0.4, 0.2, 0.2, 0.2]","[0.2, 0.2, 0.386, 0.214]"
"[0.484, 0.196, 0.16, 0.16]","[0.203, 0.415, 0.221, 0.16]","[0.16, 0.16, 0.254, 0.426]","[0.16, 0.223, 0.455, 0.162]","[0.16, 0.16, 0.16, 0.52]","[0.314, 0.363, 0.163, 0.16]","[0.16, 0.16, 0.517, 0.163]","[0.16, 0.16, 0.16, 0.52]","[0.16, 0.16, 0.494, 0.186]","[0.513, 0.167, 0.16, 0.16]","[0.16, 0.16, 0.488, 0.192]","[0.51, 0.17, 0.16, 0.16]","[0.16, 0.515, 0.165, 0.16]","[0.16, 0.16, 0.16, 0.52]","[0.234, 0.44, 0.165, 0.16]","[0.16, 0.162, 0.509, 0.169]","[0.16, 0.16, 0.16, 0.52]","[0.16, 0.16, 0.16, 0.52]","[0.502, 0.178, 0.16, 0.16]","[0.16, 0.183, 0.493, 0.164]","[0.16, 0.443, 0.237, 0.16]","[0.178, 0.493, 0.168, 0.16]","[0.16, 0.16, 0.253, 0.427]","[0.16, 0.16, 0.485, 0.195]","[0.16, 0.16, 0.243, 0.437]","[0.487, 0.193, 0.16, 0.16]","[0.16, 0.507, 0.173, 0.16]","[0.457, 0.223, 0.16, 0.16]","[0.16, 0.274, 0.404, 0.162]","[0.16, 0.302, 0.373, 0.165]","[0.16, 0.166, 0.502, 0.172]","[0.42, 0.26, 0.16, 0.16]","[0.479, 0.201, 0.16, 0.16]","[0.16, 0.16, 0.267, 0.413]","[0.429, 0.251, 0.16, 0.16]","[0.16, 0.16, 0.496, 0.184]","[0.16, 0.16, 0.16, 0.52]","[0.16, 0.306, 0.369, 0.164]","[0.16, 0.16, 0.282, 0.398]","[0.302, 0.346, 0.192, 0.16]","[0.16, 0.16, 0.517, 0.163]","[0.16, 0.16, 0.16, 0.52]","[0.16, 0.499, 0.181, 0.16]","[0.519, 0.161, 0.16, 0.16]","[0.16, 0.496, 0.184, 0.16]","[0.16, 0.16, 0.238, 0.442]","[0.16, 0.16, 0.514, 0.166]","[0.16, 0.16, 0.16, 0.52]","[0.519, 0.161, 0.16, 0.16]","[0.16, 0.238, 0.44, 0.161]","[0.16, 0.16, 0.16, 0.52]","[0.16, 0.511, 0.169, 0.16]","[0.519, 0.161, 0.16, 0.16]","[0.16, 0.185, 0.481, 0.174]","[0.16, 0.16, 0.16, 0.52]","[0.16, 0.2, 0.476, 0.164]","[0.16, 0.16, 0.251, 0.429]","[0.16, 0.518, 0.163, 0.16]","[0.515, 0.165, 0.16, 0.16]","[0.16, 0.16, 0.508, 0.172]"
"[0.484, 0.196, 0.16, 0.16]","[0.299, 0.395, 0.177, 0.128]","[0.128, 0.128, 0.203, 0.541]","[0.128, 0.178, 0.561, 0.132]","[0.128, 0.128, 0.128, 0.616]","[0.251, 0.47, 0.151, 0.128]","[0.128, 0.146, 0.596, 0.131]","[0.128, 0.128, 0.225, 0.519]","[0.128, 0.128, 0.594, 0.15]","[0.513, 0.167, 0.16, 0.16]","[0.128, 0.128, 0.59, 0.154]","[0.51, 0.17, 0.16, 0.16]","[0.128, 0.61, 0.134, 0.128]","[0.128, 0.128, 0.128, 0.616]","[0.187, 0.545, 0.139, 0.128]","[0.128, 0.133, 0.603, 0.136]","[0.128, 0.128, 0.128, 0.616]","[0.128, 0.128, 0.128, 0.616]","[0.502, 0.178, 0.16, 0.16]","[0.128, 0.146, 0.588, 0.137]","[0.128, 0.354, 0.351, 0.167]","[0.189, 0.548, 0.135, 0.128]","[0.128, 0.128, 0.202, 0.542]","[0.128, 0.128, 0.588, 0.156]","[0.128, 0.128, 0.194, 0.55]","[0.487, 0.193, 0.16, 0.16]","[0.128, 0.605, 0.139, 0.128]","[0.457, 0.223, 0.16, 0.16]","[0.128, 0.326, 0.416, 0.13]","[0.128, 0.242, 0.298, 0.332]","[0.128, 0.133, 0.6, 0.139]","[0.42, 0.26, 0.16, 0.16]","[0.479, 0.201, 0.16, 0.16]","[0.128, 0.128, 0.214, 0.53]","[0.429, 0.251, 0.16, 0.16]","[0.128, 0.128, 0.593, 0.151]","[0.128, 0.128, 0.22, 0.524]","[0.128, 0.245, 0.454, 0.172]","[0.128, 0.128, 0.226, 0.518]","[0.242, 0.468, 0.162, 0.128]","[0.128, 0.128, 0.613, 0.131]","[0.128, 0.128, 0.2, 0.544]","[0.128, 0.598, 0.146, 0.128]","[0.611, 0.133, 0.128, 0.128]","[0.128, 0.595, 0.149, 0.128]","[0.128, 0.128, 0.249, 0.495]","[0.128, 0.128, 0.611, 0.133]","[0.128, 0.128, 0.128, 0.616]","[0.614, 0.13, 0.128, 0.128]","[0.128, 0.19, 0.552, 0.129]","[0.128, 0.128, 0.128, 0.616]","[0.128, 0.607, 0.137, 0.128]","[0.612, 0.132, 0.128, 0.128]","[0.128, 0.148, 0.585, 0.139]","[0.128, 0.128, 0.128, 0.616]","[0.128, 0.18, 0.557, 0.134]","[0.128, 0.128, 0.294, 0.45]","[0.173, 0.569, 0.131, 0.128]","[0.611, 0.133, 0.128, 0.128]","[0.128, 0.226, 0.508, 0.138]"
"[0.484, 0.196, 0.16, 0.16]","[0.299, 0.395, 0.177, 0.128]","[0.102, 0.102, 0.162, 0.633]","[0.102, 0.142, 0.648, 0.106]","[0.102, 0.102, 0.102, 0.693]","[0.251, 0.47, 0.151, 0.128]","[0.102, 0.117, 0.675, 0.106]","[0.102, 0.102, 0.18, 0.615]","[0.102, 0.102, 0.672, 0.124]","[0.513, 0.167, 0.16, 0.16]","[0.102, 0.159, 0.616, 0.123]","[0.51, 0.17, 0.16, 0.16]","[0.191, 0.599, 0.107, 0.102]","[0.102, 0.102, 0.102, 0.693]","[0.15, 0.634, 0.113, 0.102]","[0.102, 0.161, 0.627, 0.109]","[0.102, 0.102, 0.218, 0.577]","[0.102, 0.102, 0.162, 0.633]","[0.502, 0.178, 0.16, 0.16]","[0.102, 0.117, 0.67, 0.11]","[0.102, 0.283, 0.479, 0.135]","[0.151, 0.637, 0.11, 0.102]","[0.102, 0.102, 0.214, 0.581]","[0.102, 0.102, 0.67, 0.125]","[0.102, 0.102, 0.259, 0.536]","[0.487, 0.193, 0.16, 0.16]","[0.102, 0.683, 0.112, 0.102]","[0.457, 0.223, 0.16, 0.16]","[0.102, 0.261, 0.527, 0.11]","[0.102, 0.194, 0.263, 0.441]","[0.102, 0.106, 0.679, 0.112]","[0.42, 0.26, 0.16, 0.16]","[0.479, 0.201, 0.16, 0.16]","[0.102, 0.102, 0.262, 0.534]","[0.429, 0.251, 0.16, 0.16]","[0.102, 0.155, 0.622, 0.121]","[0.102, 0.102, 0.176, 0.619]","[0.102, 0.356, 0.403, 0.138]","[0.102, 0.102, 0.181, 0.614]","[0.194, 0.573, 0.131, 0.102]","[0.102, 0.102, 0.688, 0.107]","[0.102, 0.102, 0.16, 0.635]","[0.102, 0.671, 0.124, 0.102]","[0.685, 0.11, 0.102, 0.102]","[0.102, 0.664, 0.131, 0.102]","[0.102, 0.102, 0.248, 0.547]","[0.102, 0.102, 0.688, 0.107]","[0.102, 0.102, 0.141, 0.654]","[0.614, 0.13, 0.128, 0.128]","[0.102, 0.244, 0.55, 0.103]","[0.102, 0.102, 0.102, 0.693]","[0.102, 0.684, 0.111, 0.102]","[0.612, 0.132, 0.128, 0.128]","[0.102, 0.118, 0.664, 0.115]","[0.102, 0.102, 0.185, 0.61]","[0.102, 0.168, 0.621, 0.108]","[0.102, 0.102, 0.235, 0.56]","[0.138, 0.655, 0.105, 0.102]","[0.688, 0.107, 0.102, 0.102]","[0.102, 0.181, 0.606, 0.111]"
"[0.484, 0.196, 0.16, 0.16]","[0.299, 0.395, 0.177, 0.128]","[0.082, 0.082, 0.13, 0.706]","[0.082, 0.213, 0.618, 0.085]","[0.082, 0.082, 0.082, 0.754]","[0.346, 0.431, 0.121, 0.102]","[0.082, 0.094, 0.74, 0.085]","[0.082, 0.082, 0.144, 0.692]","[0.082, 0.103, 0.716, 0.099]","[0.513, 0.167, 0.16, 0.16]","[0.082, 0.22, 0.599, 0.1]","[0.51, 0.17, 0.16, 0.16]","[0.191, 0.599, 0.107, 0.102]","[0.082, 0.082, 0.134, 0.702]","[0.12, 0.704, 0.094, 0.082]","[0.082, 0.226, 0.603, 0.088]","[0.082, 0.082, 0.285, 0.551]","[0.082, 0.082, 0.13, 0.706]","[0.502, 0.178, 0.16, 0.16]","[0.082, 0.094, 0.736, 0.088]","[0.082, 0.226, 0.575, 0.116]","[0.121, 0.706, 0.092, 0.082]","[0.082, 0.082, 0.267, 0.569]","[0.082, 0.082, 0.735, 0.101]","[0.082, 0.082, 0.207, 0.629]","[0.487, 0.193, 0.16, 0.16]","[0.107, 0.721, 0.09, 0.082]","[0.457, 0.223, 0.16, 0.16]","[0.082, 0.209, 0.62, 0.089]","[0.082, 0.155, 0.21, 0.553]","[0.082, 0.093, 0.735, 0.09]","[0.42, 0.26, 0.16, 0.16]","[0.479, 0.201, 0.16, 0.16]","[0.082, 0.082, 0.249, 0.588]","[0.429, 0.251, 0.16, 0.16]","[0.082, 0.288, 0.534, 0.097]","[0.082, 0.082, 0.141, 0.695]","[0.082, 0.285, 0.519, 0.114]","[0.082, 0.082, 0.231, 0.605]","[0.155, 0.655, 0.108, 0.082]","[0.082, 0.082, 0.75, 0.086]","[0.082, 0.082, 0.128, 0.708]","[0.082, 0.736, 0.1, 0.082]","[0.685, 0.11, 0.102, 0.102]","[0.082, 0.73, 0.106, 0.082]","[0.082, 0.082, 0.198, 0.638]","[0.082, 0.097, 0.735, 0.086]","[0.082, 0.082, 0.14, 0.696]","[0.688, 0.107, 0.102, 0.102]","[0.082, 0.267, 0.558, 0.092]","[0.082, 0.082, 0.147, 0.689]","[0.082, 0.744, 0.092, 0.082]","[0.675, 0.121, 0.102, 0.102]","[0.082, 0.188, 0.638, 0.092]","[0.082, 0.082, 0.165, 0.671]","[0.082, 0.185, 0.646, 0.087]","[0.082, 0.082, 0.188, 0.648]","[0.11, 0.722, 0.086, 0.082]","[0.688, 0.107, 0.102, 0.102]","[0.082, 0.164, 0.665, 0.089]"
"[0.484, 0.196, 0.16, 0.16]","[0.299, 0.395, 0.177, 0.128]","[0.066, 0.066, 0.104, 0.765]","[0.066, 0.18, 0.684, 0.069]","[0.066, 0.066, 0.066, 0.803]","[0.346, 0.431, 0.121, 0.102]","[0.066, 0.142, 0.723, 0.07]","[0.066, 0.066, 0.181, 0.687]","[0.066, 0.082, 0.771, 0.081]","[0.513, 0.167, 0.16, 0.16]","[0.066, 0.176, 0.679, 0.08]","[0.51, 0.17, 0.16, 0.16]","[0.153, 0.643, 0.122, 0.082]","[0.066, 0.066, 0.107, 0.762]","[0.096, 0.76, 0.079, 0.066]","[0.066, 0.274, 0.59, 0.07]","[0.066, 0.066, 0.228, 0.641]","[0.066, 0.162, 0.107, 0.665]","[0.502, 0.178, 0.16, 0.16]","[0.066, 0.109, 0.755, 0.071]","[0.066, 0.181, 0.658, 0.095]","[0.097, 0.764, 0.074, 0.066]","[0.066, 0.066, 0.214, 0.655]","[0.066, 0.076, 0.778, 0.081]","[0.066, 0.066, 0.192, 0.677]","[0.487, 0.193, 0.16, 0.16]","[0.099, 0.764, 0.072, 0.066]","[0.457, 0.223, 0.16, 0.16]","[0.066, 0.216, 0.644, 0.074]","[0.066, 0.124, 0.319, 0.492]","[0.066, 0.077, 0.785, 0.072]","[0.42, 0.26, 0.16, 0.16]","[0.479, 0.201, 0.16, 0.16]","[0.066, 0.066, 0.199, 0.67]","[0.429, 0.251, 0.16, 0.16]","[0.066, 0.23, 0.627, 0.078]","[0.066, 0.066, 0.16, 0.708]","[0.066, 0.228, 0.614, 0.092]","[0.066, 0.066, 0.218, 0.651]","[0.155, 0.655, 0.108, 0.082]","[0.066, 0.066, 0.8, 0.069]","[0.066, 0.066, 0.11, 0.759]","[0.075, 0.779, 0.08, 0.066]","[0.685, 0.11, 0.102, 0.102]","[0.066, 0.784, 0.085, 0.066]","[0.066, 0.066, 0.158, 0.71]","[0.066, 0.078, 0.788, 0.069]","[0.066, 0.066, 0.112, 0.757]","[0.688, 0.107, 0.102, 0.102]","[0.066, 0.305, 0.555, 0.074]","[0.066, 0.066, 0.118, 0.751]","[0.066, 0.794, 0.074, 0.066]","[0.675, 0.121, 0.102, 0.102]","[0.066, 0.2, 0.66, 0.074]","[0.066, 0.066, 0.16, 0.709]","[0.066, 0.208, 0.657, 0.07]","[0.066, 0.066, 0.15, 0.718]","[0.202, 0.664, 0.069, 0.066]","[0.688, 0.107, 0.102, 0.102]","[0.066, 0.131, 0.732, 0.071]"
"[0.484, 0.196, 0.16, 0.16]","[0.299, 0.395, 0.177, 0.128]","[0.053, 0.053, 0.112, 0.784]","[0.053, 0.144, 0.744, 0.058]","[0.053, 0.053, 0.053, 0.842]","[0.346, 0.431, 0.121, 0.102]","[0.053, 0.114, 0.777, 0.057]","[0.053, 0.053, 0.145, 0.75]","[0.053, 0.066, 0.817, 0.065]","[0.513, 0.167, 0.16, 0.16]","[0.053, 0.141, 0.743, 0.065]","[0.51, 0.17, 0.16, 0.16]","[0.122, 0.713, 0.099, 0.066]","[0.053, 0.053, 0.133, 0.762]","[0.224, 0.661, 0.063, 0.053]","[0.053, 0.219, 0.667, 0.061]","[0.053, 0.053, 0.243, 0.652]","[0.053, 0.13, 0.086, 0.732]","[0.502, 0.178, 0.16, 0.16]","[0.053, 0.087, 0.804, 0.057]","[0.053, 0.145, 0.726, 0.076]","[0.078, 0.804, 0.066, 0.053]","[0.053, 0.053, 0.171, 0.724]","[0.053, 0.062, 0.822, 0.065]","[0.053, 0.053, 0.154, 0.742]","[0.487, 0.193, 0.16, 0.16]","[0.099, 0.764, 0.072, 0.066]","[0.457, 0.223, 0.16, 0.16]","[0.053, 0.173, 0.715, 0.06]","[0.053, 0.099, 0.346, 0.503]","[0.053, 0.138, 0.751, 0.058]","[0.42, 0.26, 0.16, 0.16]","[0.479, 0.201, 0.16, 0.16]","[0.053, 0.053, 0.173, 0.722]","[0.429, 0.251, 0.16, 0.16]","[0.053, 0.184, 0.7, 0.064]","[0.053, 0.053, 0.132, 0.763]","[0.053, 0.203, 0.671, 0.074]","[0.053, 0.053, 0.174, 0.721]","[0.124, 0.723, 0.087, 0.066]","[0.053, 0.053, 0.84, 0.055]","[0.053, 0.053, 0.088, 0.807]","[0.077, 0.806, 0.064, 0.053]","[0.685, 0.11, 0.102, 0.102]","[0.053, 0.827, 0.069, 0.053]","[0.053, 0.053, 0.126, 0.768]","[0.053, 0.062, 0.83, 0.055]","[0.053, 0.053, 0.09, 0.806]","[0.688, 0.107, 0.102, 0.102]","[0.053, 0.244, 0.643, 0.06]","[0.053, 0.053, 0.193, 0.702]","[0.053, 0.826, 0.068, 0.053]","[0.675, 0.121, 0.102, 0.102]","[0.053, 0.16, 0.728, 0.06]","[0.053, 0.053, 0.128, 0.767]","[0.053, 0.166, 0.724, 0.058]","[0.053, 0.053, 0.12, 0.774]","[0.162, 0.731, 0.055, 0.053]","[0.688, 0.107, 0.102, 0.102]","[0.053, 0.105, 0.785, 0.057]"
"[0.484, 0.196, 0.16, 0.16]","[0.366, 0.39, 0.142, 0.102]","[0.042, 0.042, 0.09, 0.827]","[0.042, 0.115, 0.794, 0.048]","[0.042, 0.094, 0.09, 0.774]","[0.346, 0.431, 0.121, 0.102]","[0.042, 0.091, 0.82, 0.047]","[0.042, 0.042, 0.189, 0.727]","[0.042, 0.053, 0.853, 0.052]","[0.513, 0.167, 0.16, 0.16]","[0.042, 0.15, 0.757, 0.053]","[0.51, 0.17, 0.16, 0.16]","[0.142, 0.726, 0.079, 0.053]","[0.042, 0.042, 0.179, 0.737]","[0.224, 0.661, 0.063, 0.053]","[0.042, 0.272, 0.636, 0.049]","[0.042, 0.042, 0.234, 0.682]","[0.042, 0.104, 0.069, 0.786]","[0.502, 0.178, 0.16, 0.16]","[0.042, 0.077, 0.835, 0.046]","[0.042, 0.116, 0.78, 0.061]","[0.078, 0.804, 0.066, 0.053]","[0.042, 0.042, 0.25, 0.666]","[0.042, 0.073, 0.834, 0.052]","[0.042, 0.042, 0.123, 0.794]","[0.487, 0.193, 0.16, 0.16]","[0.079, 0.807, 0.062, 0.053]","[0.457, 0.223, 0.16, 0.16]","[0.042, 0.232, 0.678, 0.048]","[0.042, 0.079, 0.277, 0.602]","[0.042, 0.141, 0.771, 0.046]","[0.42, 0.26, 0.16, 0.16]","[0.479, 0.201, 0.16, 0.16]","[0.042, 0.042, 0.138, 0.778]","[0.429, 0.251, 0.16, 0.16]","[0.042, 0.147, 0.759, 0.053]","[0.042, 0.042, 0.184, 0.732]","[0.042, 0.164, 0.735, 0.06]","[0.042, 0.042, 0.227, 0.689]","[0.124, 0.723, 0.087, 0.066]","[0.042, 0.107, 0.807, 0.044]","[0.042, 0.042, 0.125, 0.791]","[0.13, 0.776, 0.051, 0.042]","[0.685, 0.11, 0.102, 0.102]","[0.042, 0.861, 0.056, 0.042]","[0.042, 0.042, 0.101, 0.814]","[0.042, 0.05, 0.864, 0.044]","[0.042, 0.042, 0.072, 0.845]","[0.688, 0.107, 0.102, 0.102]","[0.042, 0.195, 0.714, 0.048]","[0.042, 0.042, 0.233, 0.683]","[0.042, 0.86, 0.056, 0.042]","[0.675, 0.121, 0.102, 0.102]","[0.042, 0.128, 0.782, 0.048]","[0.042, 0.042, 0.149, 0.767]","[0.042, 0.133, 0.779, 0.047]","[0.042, 0.042, 0.126, 0.789]","[0.209, 0.706, 0.044, 0.042]","[0.688, 0.107, 0.102, 0.102]","[0.042, 0.169, 0.743, 0.046]"
"[0.484, 0.196, 0.16, 0.16]","[0.366, 0.39, 0.142, 0.102]","[0.034, 0.034, 0.11, 0.823]","[0.034, 0.128, 0.799, 0.038]","[0.034, 0.075, 0.079, 0.813]","[0.346, 0.431, 0.121, 0.102]","[0.034, 0.12, 0.808, 0.038]","[0.034, 0.034, 0.233, 0.7]","[0.034, 0.072, 0.852, 0.042]","[0.513, 0.167, 0.16, 0.16]","[0.034, 0.12, 0.805, 0.043]","[0.51, 0.17, 0.16, 0.16]","[0.114, 0.778, 0.066, 0.042]","[0.034, 0.034, 0.143, 0.79]","[0.224, 0.661, 0.063, 0.053]","[0.034, 0.302, 0.624, 0.039]","[0.034, 0.034, 0.187, 0.746]","[0.034, 0.083, 0.109, 0.775]","[0.502, 0.178, 0.16, 0.16]","[0.034, 0.07, 0.859, 0.037]","[0.034, 0.093, 0.824, 0.049]","[0.062, 0.842, 0.054, 0.042]","[0.034, 0.034, 0.2, 0.733]","[0.034, 0.058, 0.867, 0.042]","[0.034, 0.034, 0.143, 0.791]","[0.487, 0.193, 0.16, 0.16]","[0.109, 0.8, 0.05, 0.042]","[0.457, 0.223, 0.16, 0.16]","[0.034, 0.186, 0.742, 0.039]","[0.034, 0.063, 0.24, 0.663]","[0.034, 0.113, 0.815, 0.038]","[0.42, 0.26, 0.16, 0.16]","[0.479, 0.201, 0.16, 0.16]","[0.034, 0.034, 0.11, 0.822]","[0.429, 0.251, 0.16, 0.16]","[0.034, 0.118, 0.807, 0.043]","[0.034, 0.034, 0.147, 0.786]","[0.034, 0.227, 0.691, 0.048]","[0.034, 0.034, 0.182, 0.751]","[0.124, 0.723, 0.087, 0.066]","[0.034, 0.086, 0.845, 0.036]","[0.034, 0.034, 0.1, 0.833]","[0.104, 0.82, 0.042, 0.034]","[0.685, 0.11, 0.102, 0.102]","[0.034, 0.887, 0.047, 0.034]","[0.034, 0.034, 0.168, 0.764]","[0.034, 0.04, 0.891, 0.035]","[0.034, 0.034, 0.058, 0.876]","[0.688, 0.107, 0.102, 0.102]","[0.034, 0.182, 0.745, 0.038]","[0.034, 0.034, 0.186, 0.746]","[0.034, 0.887, 0.045, 0.034]","[0.731, 0.106, 0.082, 0.082]","[0.034, 0.102, 0.826, 0.038]","[0.034, 0.034, 0.125, 0.808]","[0.034, 0.106, 0.823, 0.038]","[0.034, 0.034, 0.165, 0.767]","[0.196, 0.735, 0.035, 0.034]","[0.688, 0.107, 0.102, 0.102]","[0.034, 0.159, 0.771, 0.037]"
"[0.484, 0.196, 0.16, 0.16]","[0.366, 0.39, 0.142, 0.102]","[0.027, 0.117, 0.162, 0.695]","[0.027, 0.102, 0.839, 0.03]","[0.027, 0.06, 0.063, 0.85]","[0.346, 0.431, 0.121, 0.102]","[0.027, 0.193, 0.749, 0.03]","[0.027, 0.027, 0.186, 0.76]","[0.027, 0.058, 0.882, 0.034]","[0.513, 0.167, 0.16, 0.16]","[0.027, 0.096, 0.844, 0.034]","[0.51, 0.17, 0.16, 0.16]","[0.091, 0.819, 0.056, 0.034]","[0.027, 0.027, 0.202, 0.745]","[0.224, 0.661, 0.063, 0.053]","[0.027, 0.291, 0.649, 0.032]","[0.027, 0.027, 0.15, 0.797]","[0.027, 0.066, 0.151, 0.757]","[0.502, 0.178, 0.16, 0.16]","[0.027, 0.103, 0.84, 0.03]","[0.027, 0.112, 0.821, 0.04]","[0.05, 0.872, 0.044, 0.034]","[0.027, 0.027, 0.26, 0.686]","[0.027, 0.046, 0.893, 0.034]","[0.027, 0.027, 0.19, 0.758]","[0.487, 0.193, 0.16, 0.16]","[0.109, 0.8, 0.05, 0.042]","[0.457, 0.223, 0.16, 0.16]","[0.027, 0.217, 0.725, 0.032]","[0.027, 0.05, 0.192, 0.73]","[0.027, 0.123, 0.819, 0.03]","[0.42, 0.26, 0.16, 0.16]","[0.479, 0.201, 0.16, 0.16]","[0.027, 0.027, 0.128, 0.818]","[0.429, 0.251, 0.16, 0.16]","[0.027, 0.094, 0.846, 0.035]","[0.027, 0.027, 0.118, 0.829]","[0.027, 0.182, 0.753, 0.039]","[0.027, 0.027, 0.146, 0.801]","[0.099, 0.778, 0.07, 0.053]","[0.027, 0.069, 0.876, 0.029]","[0.027, 0.027, 0.08, 0.866]","[0.102, 0.837, 0.034, 0.027]","[0.685, 0.11, 0.102, 0.102]","[0.027, 0.909, 0.038, 0.027]","[0.027, 0.027, 0.14, 0.806]","[0.027, 0.039, 0.906, 0.028]","[0.027, 0.027, 0.046, 0.901]","[0.688, 0.107, 0.102, 0.102]","[0.027, 0.146, 0.793, 0.034]","[0.027, 0.027, 0.149, 0.797]","[0.027, 0.909, 0.037, 0.027]","[0.731, 0.106, 0.082, 0.082]","[0.027, 0.082, 0.861, 0.03]","[0.027, 0.027, 0.187, 0.759]","[0.027, 0.085, 0.858, 0.031]","[0.027, 0.027, 0.159, 0.786]","[0.157, 0.786, 0.03, 0.027]","[0.688, 0.107, 0.102, 0.102]","[0.027, 0.127, 0.817, 0.03]"
"[0.484, 0.196, 0.16, 0.16]","[0.366, 0.39, 0.142, 0.102]","[0.022, 0.094, 0.132, 0.754]","[0.022, 0.084, 0.869, 0.024]","[0.022, 0.048, 0.05, 0.88]","[0.346, 0.431, 0.121, 0.102]","[0.022, 0.154, 0.799, 0.024]","[0.022, 0.022, 0.214, 0.743]","[0.022, 0.134, 0.818, 0.027]","[0.513, 0.167, 0.16, 0.16]","[0.022, 0.077, 0.875, 0.028]","[0.51, 0.17, 0.16, 0.16]","[0.2, 0.728, 0.045, 0.027]","[0.022, 0.022, 0.162, 0.796]","[0.224, 0.661, 0.063, 0.053]","[0.022, 0.28, 0.672, 0.026]","[0.022, 0.022, 0.13, 0.828]","[0.022, 0.053, 0.121, 0.806]","[0.502, 0.178, 0.16, 0.16]","[0.022, 0.082, 0.872, 0.024]","[0.022, 0.139, 0.807, 0.032]","[0.04, 0.897, 0.035, 0.027]","[0.022, 0.022, 0.291, 0.666]","[0.022, 0.107, 0.844, 0.027]","[0.022, 0.022, 0.152, 0.806]","[0.487, 0.193, 0.16, 0.16]","[0.109, 0.8, 0.05, 0.042]","[0.457, 0.223, 0.16, 0.16]","[0.022, 0.174, 0.78, 0.026]","[0.022, 0.04, 0.154, 0.784]","[0.022, 0.146, 0.807, 0.024]","[0.42, 0.26, 0.16, 0.16]","[0.479, 0.201, 0.16, 0.16]","[0.022, 0.022, 0.102, 0.854]","[0.429, 0.251, 0.16, 0.16]","[0.022, 0.16, 0.792, 0.028]","[0.022, 0.022, 0.094, 0.863]","[0.022, 0.146, 0.802, 0.031]","[0.022, 0.022, 0.117, 0.841]","[0.114, 0.787, 0.056, 0.042]","[0.022, 0.055, 0.901, 0.023]","[0.022, 0.022, 0.064, 0.893]","[0.082, 0.869, 0.027, 0.022]","[0.748, 0.088, 0.082, 0.082]","[0.022, 0.926, 0.032, 0.022]","[0.022, 0.022, 0.112, 0.845]","[0.022, 0.031, 0.922, 0.025]","[0.022, 0.022, 0.07, 0.888]","[0.688, 0.107, 0.102, 0.102]","[0.022, 0.208, 0.743, 0.027]","[0.022, 0.022, 0.119, 0.838]","[0.022, 0.926, 0.031, 0.022]","[0.731, 0.106, 0.082, 0.082]","[0.022, 0.066, 0.889, 0.024]","[0.022, 0.022, 0.231, 0.726]","[0.022, 0.088, 0.867, 0.025]","[0.022, 0.022, 0.127, 0.829]","[0.126, 0.827, 0.026, 0.022]","[0.688, 0.107, 0.102, 0.102]","[0.022, 0.102, 0.854, 0.024]"
"[0.484, 0.196, 0.16, 0.16]","[0.366, 0.39, 0.142, 0.102]","[0.018, 0.075, 0.106, 0.803]","[0.018, 0.08, 0.883, 0.019]","[0.018, 0.038, 0.04, 0.904]","[0.346, 0.431, 0.121, 0.102]","[0.018, 0.123, 0.839, 0.019]","[0.018, 0.018, 0.171, 0.794]","[0.018, 0.11, 0.852, 0.022]","[0.513, 0.167, 0.16, 0.16]","[0.018, 0.062, 0.9, 0.023]","[0.51, 0.17, 0.16, 0.16]","[0.2, 0.728, 0.045, 0.027]","[0.018, 0.018, 0.13, 0.837]","[0.224, 0.661, 0.063, 0.053]","[0.018, 0.224, 0.738, 0.021]","[0.018, 0.018, 0.104, 0.862]","[0.018, 0.042, 0.097, 0.845]","[0.502, 0.178, 0.16, 0.16]","[0.018, 0.082, 0.881, 0.019]","[0.018, 0.116, 0.841, 0.026]","[0.059, 0.891, 0.028, 0.022]","[0.018, 0.018, 0.233, 0.733]","[0.018, 0.086, 0.875, 0.022]","[0.018, 0.018, 0.122, 0.845]","[0.487, 0.193, 0.16, 0.16]","[0.109, 0.8, 0.05, 0.042]","[0.457, 0.223, 0.16, 0.16]","[0.018, 0.139, 0.824, 0.021]","[0.018, 0.032, 0.164, 0.786]","[0.018, 0.117, 0.846, 0.019]","[0.42, 0.26, 0.16, 0.16]","[0.479, 0.201, 0.16, 0.16]","[0.018, 0.018, 0.082, 0.883]","[0.429, 0.251, 0.16, 0.16]","[0.018, 0.128, 0.833, 0.023]","[0.018, 0.018, 0.081, 0.885]","[0.018, 0.117, 0.841, 0.025]","[0.018, 0.018, 0.104, 0.862]","[0.091, 0.825, 0.05, 0.034]","[0.018, 0.055, 0.91, 0.018]","[0.018, 0.018, 0.051, 0.914]","[0.068, 0.893, 0.022, 0.018]","[0.748, 0.088, 0.082, 0.082]","[0.018, 0.941, 0.026, 0.018]","[0.018, 0.018, 0.096, 0.87]","[0.018, 0.044, 0.918, 0.02]","[0.018, 0.018, 0.073, 0.893]","[0.75, 0.086, 0.082, 0.082]","[0.018, 0.166, 0.794, 0.022]","[0.018, 0.018, 0.132, 0.833]","[0.018, 0.941, 0.025, 0.018]","[0.731, 0.106, 0.082, 0.082]","[0.018, 0.148, 0.816, 0.019]","[0.018, 0.018, 0.185, 0.781]","[0.018, 0.07, 0.893, 0.02]","[0.018, 0.018, 0.102, 0.863]","[0.101, 0.861, 0.021, 0.018]","[0.747, 0.089, 0.082, 0.082]","[0.018, 0.082, 0.883, 0.019]"
"[0.484, 0.196, 0.16, 0.16]","[0.366, 0.39, 0.142, 0.102]","[0.014, 0.06, 0.093, 0.834]","[0.014, 0.077, 0.893, 0.015]","[0.014, 0.03, 0.032, 0.923]","[0.346, 0.431, 0.121, 0.102]","[0.014, 0.098, 0.871, 0.015]","[0.014, 0.014, 0.236, 0.736]","[0.014, 0.088, 0.881, 0.018]","[0.513, 0.167, 0.16, 0.16]","[0.014, 0.05, 0.919, 0.02]","[0.51, 0.17, 0.16, 0.16]","[0.2, 0.728, 0.045, 0.027]","[0.014, 0.014, 0.104, 0.87]","[0.224, 0.661, 0.063, 0.053]","[0.014, 0.179, 0.79, 0.017]","[0.014, 0.014, 0.215, 0.758]","[0.014, 0.034, 0.078, 0.876]","[0.502, 0.178, 0.16, 0.16]","[0.014, 0.066, 0.905, 0.015]","[0.014, 0.093, 0.873, 0.021]","[0.059, 0.891, 0.028, 0.022]","[0.014, 0.014, 0.234, 0.738]","[0.014, 0.069, 0.9, 0.018]","[0.014, 0.014, 0.252, 0.722]","[0.487, 0.193, 0.16, 0.16]","[0.267, 0.66, 0.04, 0.034]","[0.457, 0.223, 0.16, 0.16]","[0.014, 0.111, 0.859, 0.017]","[0.014, 0.026, 0.228, 0.732]","[0.014, 0.094, 0.877, 0.015]","[0.42, 0.26, 0.16, 0.16]","[0.479, 0.201, 0.16, 0.16]","[0.014, 0.014, 0.067, 0.905]","[0.429, 0.251, 0.16, 0.16]","[0.014, 0.102, 0.866, 0.018]","[0.014, 0.014, 0.065, 0.908]","[0.014, 0.094, 0.873, 0.02]","[0.014, 0.014, 0.083, 0.89]","[0.073, 0.859, 0.041, 0.027]","[0.014, 0.044, 0.928, 0.014]","[0.014, 0.014, 0.047, 0.925]","[0.054, 0.914, 0.018, 0.014]","[0.748, 0.088, 0.082, 0.082]","[0.014, 0.953, 0.021, 0.014]","[0.014, 0.014, 0.085, 0.888]","[0.014, 0.037, 0.933, 0.016]","[0.014, 0.014, 0.065, 0.908]","[0.75, 0.086, 0.082, 0.082]","[0.014, 0.133, 0.835, 0.018]","[0.014, 0.014, 0.161, 0.811]","[0.014, 0.953, 0.02, 0.014]","[0.731, 0.106, 0.082, 0.082]","[0.014, 0.118, 0.853, 0.015]","[0.014, 0.014, 0.148, 0.825]","[0.014, 0.056, 0.914, 0.016]","[0.014, 0.014, 0.107, 0.865]","[0.081, 0.889, 0.017, 0.014]","[0.747, 0.089, 0.082, 0.082]","[0.014, 0.066, 0.906, 0.015]"
"[0.484, 0.196, 0.16, 0.16]","[0.366, 0.39, 0.142, 0.102]","[0.011, 0.048, 0.074, 0.867]","[0.011, 0.062, 0.914, 0.012]","[0.011, 0.024, 0.026, 0.938]","[0.346, 0.431, 0.121, 0.102]","[0.011, 0.078, 0.896, 0.012]","[0.011, 0.011, 0.265, 0.712]","[0.011, 0.07, 0.905, 0.015]","[0.513, 0.167, 0.16, 0.16]","[0.011, 0.04, 0.935, 0.016]","[0.51, 0.17, 0.16, 0.16]","[0.2, 0.728, 0.045, 0.027]","[0.011, 0.011, 0.084, 0.895]","[0.224, 0.661, 0.063, 0.053]","[0.011, 0.143, 0.832, 0.014]","[0.011, 0.011, 0.248, 0.73]","[0.011, 0.027, 0.1, 0.863]","[0.502, 0.178, 0.16, 0.16]","[0.011, 0.095, 0.882, 0.012]","[0.011, 0.091, 0.881, 0.017]","[0.047, 0.913, 0.022, 0.018]","[0.011, 0.011, 0.203, 0.775]","[0.011, 0.055, 0.92, 0.014]","[0.011, 0.011, 0.245, 0.734]","[0.487, 0.193, 0.16, 0.16]","[0.267, 0.66, 0.04, 0.034]","[0.457, 0.223, 0.16, 0.16]","[0.011, 0.089, 0.887, 0.014]","[0.011, 0.021, 0.182, 0.786]","[0.011, 0.084, 0.892, 0.012]","[0.42, 0.26, 0.16, 0.16]","[0.479, 0.201, 0.16, 0.16]","[0.011, 0.011, 0.054, 0.924]","[0.429, 0.251, 0.16, 0.16]","[0.011, 0.082, 0.893, 0.014]","[0.011, 0.011, 0.118, 0.861]","[0.011, 0.075, 0.898, 0.016]","[0.011, 0.011, 0.066, 0.912]","[0.058, 0.883, 0.037, 0.022]","[0.011, 0.035, 0.942, 0.011]","[0.011, 0.011, 0.099, 0.878]","[0.043, 0.931, 0.014, 0.011]","[0.748, 0.088, 0.082, 0.082]","[0.011, 0.962, 0.017, 0.011]","[0.011, 0.011, 0.109, 0.869]","[0.011, 0.03, 0.946, 0.013]","[0.011, 0.011, 0.052, 0.926]","[0.75, 0.086, 0.082, 0.082]","[0.011, 0.106, 0.868, 0.014]","[0.011, 0.011, 0.185, 0.792]","[0.011, 0.962, 0.016, 0.011]","[0.731, 0.106, 0.082, 0.082]","[0.011, 0.173, 0.804, 0.012]","[0.011, 0.011, 0.118, 0.86]","[0.011, 0.089, 0.887, 0.013]","[0.011, 0.011, 0.178, 0.799]","[0.077, 0.899, 0.014, 0.011]","[0.747, 0.089, 0.082, 0.082]","[0.011, 0.053, 0.925, 0.012]"
"[0.484, 0.196, 0.16, 0.16]","[0.366, 0.39, 0.142, 0.102]","[0.009, 0.038, 0.085, 0.868]","[0.009, 0.057, 0.924, 0.01]","[0.009, 0.019, 0.021, 0.95]","[0.346, 0.431, 0.121, 0.102]","[0.009, 0.151, 0.828, 0.01]","[0.009, 0.009, 0.212, 0.77]","[0.009, 0.056, 0.923, 0.013]","[0.513, 0.167, 0.16, 0.16]","[0.009, 0.036, 0.944, 0.013]","[0.51, 0.17, 0.16, 0.16]","[0.2, 0.728, 0.045, 0.027]","[0.009, 0.009, 0.067, 0.916]","[0.224, 0.661, 0.063, 0.053]","[0.009, 0.114, 0.866, 0.011]","[0.009, 0.009, 0.297, 0.686]","[0.009, 0.022, 0.08, 0.89]","[0.502, 0.178, 0.16, 0.16]","[0.009, 0.129, 0.852, 0.01]","[0.009, 0.073, 0.905, 0.014]","[0.038, 0.93, 0.018, 0.014]","[0.009, 0.009, 0.247, 0.736]","[0.009, 0.044, 0.936, 0.011]","[0.009, 0.009, 0.196, 0.787]","[0.487, 0.193, 0.16, 0.16]","[0.267, 0.66, 0.04, 0.034]","[0.457, 0.223, 0.16, 0.16]","[0.009, 0.106, 0.874, 0.011]","[0.009, 0.017, 0.146, 0.829]","[0.009, 0.067, 0.914, 0.01]","[0.336, 0.405, 0.131, 0.128]","[0.479, 0.201, 0.16, 0.16]","[0.009, 0.009, 0.043, 0.939]","[0.429, 0.251, 0.16, 0.16]","[0.009, 0.066, 0.914, 0.011]","[0.009, 0.009, 0.162, 0.821]","[0.009, 0.071, 0.907, 0.013]","[0.009, 0.009, 0.053, 0.93]","[0.046, 0.905, 0.031, 0.018]","[0.009, 0.028, 0.953, 0.009]","[0.009, 0.009, 0.079, 0.902]","[0.034, 0.945, 0.011, 0.009]","[0.748, 0.088, 0.082, 0.082]","[0.009, 0.97, 0.014, 0.009]","[0.009, 0.009, 0.105, 0.877]","[0.009, 0.028, 0.953, 0.01]","[0.009, 0.009, 0.123, 0.859]","[0.75, 0.086, 0.082, 0.082]","[0.009, 0.085, 0.894, 0.011]","[0.009, 0.009, 0.153, 0.829]","[0.009, 0.969, 0.013, 0.009]","[0.731, 0.106, 0.082, 0.082]","[0.009, 0.138, 0.843, 0.01]","[0.009, 0.009, 0.094, 0.888]","[0.009, 0.078, 0.903, 0.01]","[0.009, 0.009, 0.142, 0.839]","[0.062, 0.919, 0.011, 0.009]","[0.747, 0.089, 0.082, 0.082]","[0.009, 0.045, 0.938, 0.01]"
"[0.484, 0.196, 0.16, 0.16]","[0.366, 0.39, 0.142, 0.102]","[0.007, 0.03, 0.077, 0.885]","[0.007, 0.046, 0.939, 0.008]","[0.007, 0.015, 0.017, 0.96]","[0.346, 0.431, 0.121, 0.102]","[0.007, 0.121, 0.862, 0.008]","[0.007, 0.007, 0.17, 0.816]","[0.007, 0.045, 0.938, 0.01]","[0.513, 0.167, 0.16, 0.16]","[0.007, 0.029, 0.955, 0.01]","[0.51, 0.17, 0.16, 0.16]","[0.2, 0.728, 0.045, 0.027]","[0.007, 0.007, 0.054, 0.933]","[0.224, 0.661, 0.063, 0.053]","[0.007, 0.132, 0.852, 0.009]","[0.007, 0.007, 0.238, 0.749]","[0.007, 0.018, 0.064, 0.912]","[0.502, 0.178, 0.16, 0.16]","[0.007, 0.184, 0.801, 0.008]","[0.007, 0.058, 0.924, 0.011]","[0.062, 0.912, 0.014, 0.011]","[0.007, 0.007, 0.198, 0.789]","[0.007, 0.035, 0.949, 0.009]","[0.007, 0.007, 0.157, 0.83]","[0.487, 0.193, 0.16, 0.16]","[0.267, 0.66, 0.04, 0.034]","[0.457, 0.223, 0.16, 0.16]","[0.007, 0.085, 0.899, 0.009]","[0.007, 0.014, 0.117, 0.863]","[0.007, 0.054, 0.931, 0.008]","[0.336, 0.405, 0.131, 0.128]","[0.479, 0.201, 0.16, 0.16]","[0.007, 0.007, 0.041, 0.945]","[0.429, 0.251, 0.16, 0.16]","[0.007, 0.092, 0.892, 0.009]","[0.007, 0.007, 0.182, 0.805]","[0.007, 0.057, 0.925, 0.011]","[0.007, 0.007, 0.042, 0.944]","[0.037, 0.924, 0.025, 0.014]","[0.007, 0.04, 0.945, 0.007]","[0.007, 0.007, 0.063, 0.922]","[0.027, 0.956, 0.009, 0.007]","[0.748, 0.088, 0.082, 0.082]","[0.007, 0.976, 0.011, 0.007]","[0.007, 0.007, 0.084, 0.902]","[0.007, 0.025, 0.959, 0.008]","[0.007, 0.007, 0.098, 0.887]","[0.75, 0.086, 0.082, 0.082]","[0.007, 0.075, 0.908, 0.009]","[0.007, 0.007, 0.122, 0.863]","[0.007, 0.975, 0.01, 0.007]","[0.731, 0.106, 0.082, 0.082]","[0.007, 0.157, 0.828, 0.008]","[0.007, 0.007, 0.085, 0.901]","[0.007, 0.062, 0.922, 0.008]","[0.007, 0.007, 0.114, 0.871]","[0.05, 0.934, 0.01, 0.007]","[0.747, 0.089, 0.082, 0.082]","[0.007, 0.047, 0.939, 0.008]"
"[0.484, 0.196, 0.16, 0.16]","[0.366, 0.39, 0.142, 0.102]","[0.006, 0.024, 0.089, 0.881]","[0.006, 0.042, 0.946, 0.007]","[0.006, 0.012, 0.014, 0.968]","[0.346, 0.431, 0.121, 0.102]","[0.006, 0.097, 0.89, 0.006]","[0.006, 0.006, 0.191, 0.798]","[0.006, 0.036, 0.95, 0.008]","[0.513, 0.167, 0.16, 0.16]","[0.006, 0.023, 0.963, 0.009]","[0.51, 0.17, 0.16, 0.16]","[0.2, 0.728, 0.045, 0.027]","[0.006, 0.006, 0.048, 0.942]","[0.224, 0.661, 0.063, 0.053]","[0.006, 0.118, 0.869, 0.007]","[0.006, 0.006, 0.19, 0.799]","[0.006, 0.014, 0.051, 0.93]","[0.502, 0.178, 0.16, 0.16]","[0.006, 0.147, 0.841, 0.006]","[0.006, 0.046, 0.939, 0.009]","[0.062, 0.912, 0.014, 0.011]","[0.006, 0.006, 0.158, 0.831]","[0.006, 0.078, 0.909, 0.007]","[0.006, 0.006, 0.13, 0.86]","[0.487, 0.193, 0.16, 0.16]","[0.267, 0.66, 0.04, 0.034]","[0.457, 0.223, 0.16, 0.16]","[0.006, 0.068, 0.919, 0.007]","[0.006, 0.011, 0.114, 0.87]","[0.006, 0.043, 0.945, 0.006]","[0.269, 0.518, 0.111, 0.102]","[0.479, 0.201, 0.16, 0.16]","[0.006, 0.006, 0.09, 0.899]","[0.429, 0.251, 0.16, 0.16]","[0.006, 0.074, 0.913, 0.007]","[0.006, 0.006, 0.16, 0.83]","[0.006, 0.046, 0.94, 0.009]","[0.006, 0.006, 0.051, 0.937]","[0.063, 0.906, 0.02, 0.011]","[0.006, 0.052, 0.936, 0.006]","[0.006, 0.006, 0.05, 0.938]","[0.022, 0.964, 0.007, 0.006]","[0.748, 0.088, 0.082, 0.082]","[0.006, 0.981, 0.009, 0.006]","[0.006, 0.006, 0.091, 0.898]","[0.006, 0.02, 0.967, 0.006]","[0.006, 0.006, 0.095, 0.893]","[0.75, 0.086, 0.082, 0.082]","[0.006, 0.061, 0.925, 0.007]","[0.006, 0.006, 0.098, 0.89]","[0.006, 0.98, 0.008, 0.006]","[0.731, 0.106, 0.082, 0.082]","[0.006, 0.191, 0.797, 0.006]","[0.006, 0.006, 0.068, 0.921]","[0.006, 0.05, 0.938, 0.006]","[0.006, 0.006, 0.19, 0.798]","[0.044, 0.943, 0.008, 0.006]","[0.747, 0.089, 0.082, 0.082]","[0.006, 0.052, 0.937, 0.006]"
"[0.484, 0.196, 0.16, 0.16]","[0.366, 0.39, 0.142, 0.102]","[0.005, 0.019, 0.071, 0.905]","[0.005, 0.036, 0.954, 0.006]","[0.005, 0.01, 0.011, 0.974]","[0.346, 0.431, 0.121, 0.102]","[0.005, 0.15, 0.84, 0.005]","[0.005, 0.005, 0.212, 0.779]","[0.005, 0.031, 0.958, 0.006]","[0.513, 0.167, 0.16, 0.16]","[0.005, 0.018, 0.97, 0.007]","[0.51, 0.17, 0.16, 0.16]","[0.2, 0.728, 0.045, 0.027]","[0.005, 0.005, 0.038, 0.954]","[0.224, 0.661, 0.063, 0.053]","[0.005, 0.095, 0.894, 0.006]","[0.005, 0.005, 0.152, 0.839]","[0.005, 0.011, 0.041, 0.944]","[0.502, 0.178, 0.16, 0.16]","[0.005, 0.149, 0.841, 0.005]","[0.005, 0.062, 0.926, 0.007]","[0.05, 0.929, 0.011, 0.009]","[0.005, 0.005, 0.126, 0.865]","[0.005, 0.075, 0.914, 0.006]","[0.005, 0.005, 0.106, 0.887]","[0.487, 0.193, 0.16, 0.16]","[0.267, 0.66, 0.04, 0.034]","[0.457, 0.223, 0.16, 0.16]","[0.005, 0.054, 0.935, 0.006]","[0.005, 0.009, 0.188, 0.799]","[0.005, 0.052, 0.938, 0.005]","[0.215, 0.613, 0.09, 0.082]","[0.479, 0.201, 0.16, 0.16]","[0.005, 0.005, 0.118, 0.873]","[0.429, 0.251, 0.16, 0.16]","[0.005, 0.059, 0.93, 0.006]","[0.005, 0.005, 0.128, 0.864]","[0.005, 0.037, 0.952, 0.007]","[0.005, 0.005, 0.041, 0.95]","[0.07, 0.905, 0.016, 0.009]","[0.005, 0.042, 0.949, 0.005]","[0.005, 0.005, 0.079, 0.912]","[0.018, 0.971, 0.006, 0.005]","[0.748, 0.088, 0.082, 0.082]","[0.005, 0.985, 0.007, 0.005]","[0.005, 0.005, 0.148, 0.843]","[0.005, 0.048, 0.942, 0.005]","[0.005, 0.005, 0.076, 0.914]","[0.75, 0.086, 0.082, 0.082]","[0.005, 0.068, 0.92, 0.006]","[0.005, 0.005, 0.088, 0.903]","[0.005, 0.984, 0.006, 0.005]","[0.731, 0.106, 0.082, 0.082]","[0.005, 0.153, 0.838, 0.005]","[0.005, 0.005, 0.054, 0.937]","[0.005, 0.041, 0.949, 0.005]","[0.005, 0.005, 0.152, 0.838]","[0.136, 0.854, 0.006, 0.005]","[0.747, 0.089, 0.082, 0.082]","[0.005, 0.042, 0.95, 0.005]"
"[0.484, 0.196, 0.16, 0.16]","[0.366, 0.39, 0.142, 0.102]","[0.004, 0.015, 0.066, 0.915]","[0.004, 0.029, 0.963, 0.005]","[0.004, 0.008, 0.009, 0.979]","[0.346, 0.431, 0.121, 0.102]","[0.004, 0.192, 0.8, 0.004]","[0.004, 0.004, 0.17, 0.823]","[0.004, 0.081, 0.91, 0.005]","[0.513, 0.167, 0.16, 0.16]","[0.004, 0.014, 0.976, 0.006]","[0.51, 0.17, 0.16, 0.16]","[0.2, 0.728, 0.045, 0.027]","[0.004, 0.004, 0.085, 0.908]","[0.224, 0.661, 0.063, 0.053]","[0.004, 0.133, 0.858, 0.005]","[0.004, 0.004, 0.207, 0.786]","[0.004, 0.009, 0.044, 0.944]","[0.502, 0.178, 0.16, 0.16]","[0.004, 0.119, 0.873, 0.004]","[0.004, 0.05, 0.941, 0.006]","[0.043, 0.941, 0.009, 0.007]","[0.004, 0.004, 0.101, 0.892]","[0.004, 0.105, 0.886, 0.005]","[0.004, 0.004, 0.085, 0.91]","[0.487, 0.193, 0.16, 0.16]","[0.267, 0.66, 0.04, 0.034]","[0.457, 0.223, 0.16, 0.16]","[0.004, 0.053, 0.938, 0.005]","[0.004, 0.007, 0.15, 0.839]","[0.004, 0.047, 0.945, 0.004]","[0.181, 0.681, 0.072, 0.066]","[0.479, 0.201, 0.16, 0.16]","[0.004, 0.004, 0.124, 0.869]","[0.54, 0.204, 0.128, 0.128]","[0.004, 0.047, 0.944, 0.005]","[0.004, 0.004, 0.153, 0.84]","[0.004, 0.03, 0.962, 0.006]","[0.004, 0.004, 0.033, 0.96]","[0.07, 0.905, 0.016, 0.009]","[0.004, 0.043, 0.95, 0.004]","[0.004, 0.004, 0.063, 0.93]","[0.014, 0.977, 0.005, 0.004]","[0.748, 0.088, 0.082, 0.082]","[0.004, 0.988, 0.006, 0.004]","[0.004, 0.004, 0.118, 0.874]","[0.004, 0.054, 0.938, 0.004]","[0.004, 0.004, 0.069, 0.923]","[0.75, 0.086, 0.082, 0.082]","[0.004, 0.07, 0.92, 0.005]","[0.004, 0.004, 0.148, 0.845]","[0.004, 0.986, 0.006, 0.004]","[0.731, 0.106, 0.082, 0.082]","[0.004, 0.146, 0.846, 0.004]","[0.004, 0.004, 0.043, 0.95]","[0.004, 0.095, 0.897, 0.004]","[0.004, 0.004, 0.122, 0.87]","[0.109, 0.883, 0.005, 0.004]","[0.747, 0.089, 0.082, 0.082]","[0.004, 0.034, 0.96, 0.004]"
"[0.484, 0.196, 0.16, 0.16]","[0.366, 0.39, 0.142, 0.102]","[0.003, 0.012, 0.065, 0.92]","[0.003, 0.023, 0.97, 0.004]","[0.003, 0.006, 0.007, 0.983]","[0.346, 0.431, 0.121, 0.102]","[0.003, 0.244, 0.75, 0.003]","[0.003, 0.003, 0.136, 0.858]","[0.003, 0.065, 0.928, 0.004]","[0.513, 0.167, 0.16, 0.16]","[0.003, 0.015, 0.977, 0.005]","[0.51, 0.17, 0.16, 0.16]","[0.2, 0.728, 0.045, 0.027]","[0.003, 0.003, 0.068, 0.926]","[0.224, 0.661, 0.063, 0.053]","[0.003, 0.116, 0.877, 0.004]","[0.003, 0.003, 0.166, 0.829]","[0.003, 0.007, 0.037, 0.953]","[0.502, 0.178, 0.16, 0.16]","[0.003, 0.095, 0.898, 0.003]","[0.003, 0.066, 0.926, 0.005]","[0.057, 0.93, 0.007, 0.006]","[0.003, 0.003, 0.107, 0.888]","[0.003, 0.174, 0.818, 0.004]","[0.003, 0.003, 0.068, 0.928]","[0.487, 0.193, 0.16, 0.16]","[0.267, 0.66, 0.04, 0.034]","[0.457, 0.223, 0.16, 0.16]","[0.003, 0.042, 0.95, 0.004]","[0.003, 0.006, 0.12, 0.871]","[0.003, 0.038, 0.956, 0.003]","[0.315, 0.575, 0.058, 0.053]","[0.479, 0.201, 0.16, 0.16]","[0.003, 0.003, 0.099, 0.895]","[0.54, 0.204, 0.128, 0.128]","[0.003, 0.05, 0.943, 0.004]","[0.003, 0.003, 0.122, 0.872]","[0.003, 0.042, 0.952, 0.005]","[0.003, 0.003, 0.026, 0.968]","[0.056, 0.924, 0.013, 0.007]","[0.003, 0.046, 0.948, 0.003]","[0.003, 0.003, 0.05, 0.944]","[0.021, 0.972, 0.004, 0.003]","[0.748, 0.088, 0.082, 0.082]","[0.003, 0.99, 0.005, 0.003]","[0.003, 0.003, 0.114, 0.879]","[0.003, 0.043, 0.95, 0.003]","[0.003, 0.003, 0.064, 0.93]","[0.75, 0.086, 0.082, 0.082]","[0.003, 0.056, 0.936, 0.004]","[0.003, 0.003, 0.145, 0.849]","[0.003, 0.989, 0.005, 0.003]","[0.731, 0.106, 0.082, 0.082]","[0.003, 0.184, 0.809, 0.003]","[0.003, 0.003, 0.105, 0.889]","[0.003, 0.151, 0.842, 0.003]","[0.003, 0.003, 0.098, 0.896]","[0.087, 0.906, 0.004, 0.003]","[0.747, 0.089, 0.082, 0.082]","[0.003, 0.028, 0.968, 0.003]"
"[0.484, 0.196, 0.16, 0.16]","[0.366, 0.39, 0.142, 0.102]","[0.002, 0.01, 0.052, 0.936]","[0.002, 0.018, 0.976, 0.003]","[0.002, 0.005, 0.006, 0.986]","[0.346, 0.431, 0.121, 0.102]","[0.002, 0.213, 0.782, 0.002]","[0.002, 0.002, 0.109, 0.886]","[0.002, 0.136, 0.859, 0.003]","[0.513, 0.167, 0.16, 0.16]","[0.002, 0.014, 0.98, 0.004]","[0.51, 0.17, 0.16, 0.16]","[0.2, 0.728, 0.045, 0.027]","[0.002, 0.002, 0.054, 0.941]","[0.224, 0.661, 0.063, 0.053]","[0.002, 0.093, 0.902, 0.003]","[0.002, 0.002, 0.16, 0.836]","[0.002, 0.006, 0.03, 0.962]","[0.502, 0.178, 0.16, 0.16]","[0.002, 0.121, 0.874, 0.002]","[0.002, 0.064, 0.929, 0.004]","[0.046, 0.944, 0.006, 0.005]","[0.002, 0.002, 0.086, 0.91]","[0.002, 0.139, 0.854, 0.003]","[0.002, 0.002, 0.055, 0.942]","[0.487, 0.193, 0.16, 0.16]","[0.267, 0.66, 0.04, 0.034]","[0.551, 0.193, 0.128, 0.128]","[0.002, 0.034, 0.96, 0.003]","[0.002, 0.005, 0.096, 0.897]","[0.002, 0.03, 0.965, 0.002]","[0.315, 0.575, 0.058, 0.053]","[0.479, 0.201, 0.16, 0.16]","[0.002, 0.002, 0.079, 0.916]","[0.54, 0.204, 0.128, 0.128]","[0.002, 0.112, 0.883, 0.003]","[0.002, 0.002, 0.098, 0.898]","[0.002, 0.034, 0.962, 0.004]","[0.002, 0.002, 0.085, 0.91]","[0.045, 0.939, 0.011, 0.006]","[0.002, 0.037, 0.958, 0.002]","[0.002, 0.002, 0.065, 0.93]","[0.017, 0.978, 0.003, 0.002]","[0.748, 0.088, 0.082, 0.082]","[0.003, 0.992, 0.004, 0.002]","[0.002, 0.002, 0.091, 0.903]","[0.002, 0.034, 0.96, 0.002]","[0.002, 0.002, 0.051, 0.944]","[0.75, 0.086, 0.082, 0.082]","[0.002, 0.045, 0.949, 0.003]","[0.002, 0.002, 0.116, 0.879]","[0.002, 0.991, 0.004, 0.002]","[0.731, 0.106, 0.082, 0.082]","[0.002, 0.147, 0.847, 0.002]","[0.002, 0.002, 0.084, 0.911]","[0.002, 0.19, 0.804, 0.002]","[0.002, 0.002, 0.15, 0.846]","[0.07, 0.925, 0.003, 0.002]","[0.747, 0.089, 0.082, 0.082]","[0.002, 0.022, 0.974, 0.002]"
"[0.484, 0.196, 0.16, 0.16]","[0.366, 0.39, 0.142, 0.102]","[0.002, 0.008, 0.114, 0.877]","[0.002, 0.015, 0.98, 0.002]","[0.002, 0.004, 0.006, 0.988]","[0.277, 0.544, 0.098, 0.082]","[0.002, 0.17, 0.826, 0.002]","[0.002, 0.002, 0.173, 0.823]","[0.002, 0.162, 0.834, 0.002]","[0.513, 0.167, 0.16, 0.16]","[0.002, 0.02, 0.975, 0.003]","[0.51, 0.17, 0.16, 0.16]","[0.2, 0.728, 0.045, 0.027]","[0.002, 0.002, 0.056, 0.94]","[0.224, 0.661, 0.063, 0.053]","[0.002, 0.074, 0.922, 0.002]","[0.002, 0.002, 0.164, 0.832]","[0.002, 0.005, 0.024, 0.97]","[0.502, 0.178, 0.16, 0.16]","[0.002, 0.097, 0.899, 0.002]","[0.002, 0.062, 0.932, 0.003]","[0.037, 0.955, 0.005, 0.004]","[0.002, 0.002, 0.167, 0.829]","[0.002, 0.111, 0.883, 0.002]","[0.002, 0.002, 0.07, 0.928]","[0.487, 0.193, 0.16, 0.16]","[0.267, 0.66, 0.04, 0.034]","[0.551, 0.193, 0.128, 0.128]","[0.002, 0.03, 0.965, 0.002]","[0.002, 0.004, 0.077, 0.918]","[0.002, 0.027, 0.969, 0.002]","[0.315, 0.575, 0.058, 0.053]","[0.479, 0.201, 0.16, 0.16]","[0.002, 0.002, 0.145, 0.851]","[0.54, 0.204, 0.128, 0.128]","[0.002, 0.09, 0.906, 0.002]","[0.002, 0.002, 0.078, 0.918]","[0.002, 0.027, 0.97, 0.003]","[0.002, 0.002, 0.068, 0.928]","[0.036, 0.951, 0.009, 0.005]","[0.002, 0.03, 0.966, 0.002]","[0.002, 0.002, 0.052, 0.944]","[0.014, 0.982, 0.002, 0.002]","[0.748, 0.088, 0.082, 0.082]","[0.009, 0.987, 0.003, 0.002]","[0.002, 0.002, 0.073, 0.922]","[0.002, 0.027, 0.968, 0.002]","[0.002, 0.002, 0.044, 0.952]","[0.75, 0.086, 0.082, 0.082]","[0.002, 0.036, 0.959, 0.002]","[0.002, 0.002, 0.093, 0.903]","[0.002, 0.993, 0.003, 0.002]","[0.731, 0.106, 0.082, 0.082]","[0.002, 0.118, 0.878, 0.002]","[0.002, 0.002, 0.067, 0.929]","[0.002, 0.152, 0.843, 0.002]","[0.002, 0.002, 0.12, 0.877]","[0.056, 0.94, 0.003, 0.002]","[0.747, 0.089, 0.082, 0.082]","[0.002, 0.018, 0.979, 0.002]"
"[0.484, 0.196, 0.16, 0.16]","[0.366, 0.39, 0.142, 0.102]","[0.002, 0.006, 0.091, 0.902]","[0.002, 0.012, 0.984, 0.002]","[0.002, 0.003, 0.005, 0.99]","[0.226, 0.63, 0.079, 0.066]","[0.002, 0.136, 0.861, 0.002]","[0.002, 0.002, 0.143, 0.854]","[0.002, 0.13, 0.867, 0.002]","[0.513, 0.167, 0.16, 0.16]","[0.002, 0.018, 0.978, 0.002]","[0.51, 0.17, 0.16, 0.16]","[0.2, 0.728, 0.045, 0.027]","[0.002, 0.002, 0.045, 0.952]","[0.224, 0.661, 0.063, 0.053]","[0.002, 0.108, 0.889, 0.002]","[0.002, 0.002, 0.131, 0.866]","[0.002, 0.004, 0.019, 0.976]","[0.502, 0.178, 0.16, 0.16]","[0.002, 0.078, 0.919, 0.002]","[0.002, 0.05, 0.946, 0.002]","[0.03, 0.964, 0.004, 0.003]","[0.002, 0.002, 0.198, 0.799]","[0.002, 0.121, 0.874, 0.002]","[0.002, 0.002, 0.056, 0.942]","[0.487, 0.193, 0.16, 0.16]","[0.267, 0.66, 0.04, 0.034]","[0.551, 0.193, 0.128, 0.128]","[0.002, 0.029, 0.967, 0.002]","[0.002, 0.003, 0.106, 0.89]","[0.002, 0.022, 0.975, 0.002]","[0.315, 0.575, 0.058, 0.053]","[0.479, 0.201, 0.16, 0.16]","[0.002, 0.002, 0.116, 0.881]","[0.54, 0.204, 0.128, 0.128]","[0.002, 0.149, 0.848, 0.002]","[0.002, 0.002, 0.161, 0.836]","[0.002, 0.022, 0.976, 0.002]","[0.002, 0.002, 0.089, 0.908]","[0.029, 0.961, 0.007, 0.004]","[0.002, 0.024, 0.973, 0.002]","[0.002, 0.002, 0.044, 0.953]","[0.011, 0.986, 0.002, 0.002]","[0.748, 0.088, 0.082, 0.082]","[0.01, 0.987, 0.002, 0.002]","[0.002, 0.002, 0.058, 0.938]","[0.002, 0.022, 0.974, 0.002]","[0.002, 0.002, 0.035, 0.962]","[0.75, 0.086, 0.082, 0.082]","[0.002, 0.029, 0.967, 0.002]","[0.002, 0.002, 0.074, 0.922]","[0.002, 0.994, 0.002, 0.002]","[0.731, 0.106, 0.082, 0.082]","[0.002, 0.187, 0.81, 0.002]","[0.002, 0.002, 0.098, 0.899]","[0.002, 0.122, 0.874, 0.002]","[0.002, 0.002, 0.096, 0.902]","[0.106, 0.891, 0.002, 0.002]","[0.747, 0.089, 0.082, 0.082]","[0.002, 0.014, 0.983, 0.002]"
"[0.484, 0.196, 0.16, 0.16]","[0.366, 0.39, 0.142, 0.102]","[0.002, 0.005, 0.074, 0.921]","[0.002, 0.01, 0.987, 0.002]","[0.002, 0.002, 0.008, 0.988]","[0.181, 0.7, 0.067, 0.053]","[0.002, 0.14, 0.858, 0.002]","[0.002, 0.002, 0.177, 0.82]","[0.002, 0.133, 0.865, 0.002]","[0.513, 0.167, 0.16, 0.16]","[0.002, 0.014, 0.982, 0.002]","[0.51, 0.17, 0.16, 0.16]","[0.2, 0.728, 0.045, 0.027]","[0.002, 0.002, 0.036, 0.962]","[0.224, 0.661, 0.063, 0.053]","[0.002, 0.11, 0.888, 0.002]","[0.002, 0.002, 0.105, 0.893]","[0.002, 0.003, 0.039, 0.957]","[0.502, 0.178, 0.16, 0.16]","[0.002, 0.062, 0.935, 0.002]","[0.002, 0.066, 0.931, 0.002]","[0.024, 0.971, 0.003, 0.002]","[0.002, 0.002, 0.158, 0.839]","[0.002, 0.1, 0.896, 0.002]","[0.002, 0.002, 0.055, 0.944]","[0.487, 0.193, 0.16, 0.16]","[0.267, 0.66, 0.04, 0.034]","[0.551, 0.193, 0.128, 0.128]","[0.002, 0.029, 0.968, 0.002]","[0.002, 0.002, 0.111, 0.886]","[0.002, 0.018, 0.98, 0.002]","[0.315, 0.575, 0.058, 0.053]","[0.479, 0.201, 0.16, 0.16]","[0.002, 0.002, 0.093, 0.905]","[0.54, 0.204, 0.128, 0.128]","[0.002, 0.212, 0.786, 0.002]","[0.002, 0.002, 0.13, 0.868]","[0.002, 0.018, 0.981, 0.002]","[0.002, 0.002, 0.071, 0.926]","[0.023, 0.969, 0.006, 0.003]","[0.002, 0.02, 0.977, 0.002]","[0.002, 0.002, 0.035, 0.962]","[0.01, 0.988, 0.002, 0.002]","[0.748, 0.088, 0.082, 0.082]","[0.008, 0.99, 0.002, 0.002]","[0.002, 0.002, 0.053, 0.944]","[0.002, 0.018, 0.979, 0.002]","[0.002, 0.002, 0.028, 0.97]","[0.75, 0.086, 0.082, 0.082]","[0.002, 0.03, 0.967, 0.002]","[0.002, 0.002, 0.099, 0.898]","[0.002, 0.995, 0.002, 0.002]","[0.731, 0.106, 0.082, 0.082]","[0.002, 0.15, 0.848, 0.002]","[0.002, 0.002, 0.103, 0.895]","[0.002, 0.172, 0.824, 0.002]","[0.002, 0.002, 0.144, 0.855]","[0.108, 0.889, 0.002, 0.002]","[0.747, 0.089, 0.082, 0.082]","[0.002, 0.048, 0.95, 0.002]"
"[0.484, 0.196, 0.16, 0.16]","[0.366, 0.39, 0.142, 0.102]","[0.002, 0.004, 0.059, 0.937]","[0.002, 0.008, 0.99, 0.002]","[0.002, 0.002, 0.006, 0.99]","[0.294, 0.611, 0.054, 0.042]","[0.002, 0.112, 0.886, 0.002]","[0.002, 0.002, 0.306, 0.692]","[0.002, 0.127, 0.872, 0.002]","[0.513, 0.167, 0.16, 0.16]","[0.002, 0.043, 0.954, 0.002]","[0.51, 0.17, 0.16, 0.16]","[0.2, 0.728, 0.045, 0.027]","[0.002, 0.002, 0.029, 0.97]","[0.224, 0.661, 0.063, 0.053]","[0.002, 0.183, 0.816, 0.002]","[0.002, 0.002, 0.084, 0.914]","[0.002, 0.002, 0.031, 0.966]","[0.502, 0.178, 0.16, 0.16]","[0.002, 0.052, 0.946, 0.002]","[0.002, 0.053, 0.945, 0.002]","[0.047, 0.949, 0.002, 0.002]","[0.002, 0.002, 0.126, 0.871]","[0.002, 0.149, 0.848, 0.002]","[0.002, 0.002, 0.044, 0.955]","[0.487, 0.193, 0.16, 0.16]","[0.267, 0.66, 0.04, 0.034]","[0.551, 0.193, 0.128, 0.128]","[0.002, 0.023, 0.974, 0.002]","[0.002, 0.002, 0.089, 0.909]","[0.002, 0.014, 0.984, 0.002]","[0.315, 0.575, 0.058, 0.053]","[0.479, 0.201, 0.16, 0.16]","[0.002, 0.002, 0.098, 0.9]","[0.54, 0.204, 0.128, 0.128]","[0.002, 0.17, 0.829, 0.002]","[0.002, 0.002, 0.104, 0.894]","[0.002, 0.014, 0.985, 0.002]","[0.002, 0.002, 0.057, 0.941]","[0.02, 0.973, 0.005, 0.002]","[0.002, 0.033, 0.965, 0.002]","[0.002, 0.002, 0.038, 0.96]","[0.009, 0.989, 0.002, 0.002]","[0.748, 0.088, 0.082, 0.082]","[0.008, 0.991, 0.002, 0.002]","[0.002, 0.002, 0.042, 0.955]","[0.002, 0.014, 0.983, 0.002]","[0.002, 0.002, 0.04, 0.958]","[0.75, 0.086, 0.082, 0.082]","[0.002, 0.024, 0.974, 0.002]","[0.002, 0.002, 0.128, 0.869]","[0.002, 0.996, 0.002, 0.002]","[0.731, 0.106, 0.082, 0.082]","[0.002, 0.12, 0.878, 0.002]","[0.002, 0.002, 0.166, 0.832]","[0.002, 0.138, 0.859, 0.002]","[0.002, 0.002, 0.115, 0.884]","[0.149, 0.849, 0.002, 0.002]","[0.747, 0.089, 0.082, 0.082]","[0.002, 0.038, 0.96, 0.002]"
"[0.484, 0.196, 0.16, 0.16]","[0.362, 0.442, 0.114, 0.082]","[0.002, 0.003, 0.108, 0.889]","[0.002, 0.007, 0.992, 0.002]","[0.002, 0.002, 0.005, 0.992]","[0.294, 0.611, 0.054, 0.042]","[0.002, 0.09, 0.909, 0.002]","[0.002, 0.002, 0.245, 0.754]","[0.002, 0.102, 0.898, 0.002]","[0.513, 0.167, 0.16, 0.16]","[0.002, 0.154, 0.843, 0.002]","[0.51, 0.17, 0.16, 0.16]","[0.2, 0.728, 0.045, 0.027]","[0.002, 0.002, 0.023, 0.976]","[0.224, 0.661, 0.063, 0.053]","[0.002, 0.154, 0.845, 0.002]","[0.002, 0.002, 0.093, 0.905]","[0.002, 0.02, 0.148, 0.831]","[0.502, 0.178, 0.16, 0.16]","[0.002, 0.057, 0.941, 0.002]","[0.002, 0.051, 0.948, 0.002]","[0.038, 0.959, 0.002, 0.002]","[0.002, 0.002, 0.143, 0.854]","[0.002, 0.122, 0.876, 0.002]","[0.002, 0.002, 0.035, 0.964]","[0.487, 0.193, 0.16, 0.16]","[0.267, 0.66, 0.04, 0.034]","[0.551, 0.193, 0.128, 0.128]","[0.002, 0.018, 0.979, 0.002]","[0.002, 0.002, 0.071, 0.927]","[0.002, 0.018, 0.981, 0.002]","[0.315, 0.575, 0.058, 0.053]","[0.479, 0.201, 0.16, 0.16]","[0.002, 0.002, 0.078, 0.92]","[0.54, 0.204, 0.128, 0.128]","[0.002, 0.136, 0.863, 0.002]","[0.002, 0.002, 0.083, 0.915]","[0.002, 0.012, 0.987, 0.002]","[0.002, 0.002, 0.046, 0.953]","[0.016, 0.978, 0.004, 0.002]","[0.002, 0.069, 0.929, 0.002]","[0.002, 0.002, 0.03, 0.968]","[0.007, 0.991, 0.002, 0.002]","[0.748, 0.088, 0.082, 0.082]","[0.007, 0.992, 0.002, 0.002]","[0.002, 0.002, 0.067, 0.931]","[0.002, 0.011, 0.986, 0.002]","[0.002, 0.002, 0.032, 0.966]","[0.75, 0.086, 0.082, 0.082]","[0.002, 0.019, 0.979, 0.002]","[0.002, 0.002, 0.102, 0.895]","[0.002, 0.997, 0.002, 0.002]","[0.731, 0.106, 0.082, 0.082]","[0.002, 0.096, 0.902, 0.002]","[0.002, 0.002, 0.133, 0.866]","[0.002, 0.14, 0.857, 0.002]","[0.002, 0.002, 0.092, 0.907]","[0.119, 0.879, 0.002, 0.002]","[0.747, 0.089, 0.082, 0.082]","[0.002, 0.03, 0.968, 0.002]"
"[0.484, 0.196, 0.16, 0.16]","[0.362, 0.442, 0.114, 0.082]","[0.002, 0.002, 0.087, 0.911]","[0.002, 0.006, 0.994, 0.002]","[0.002, 0.002, 0.004, 0.994]","[0.294, 0.611, 0.054, 0.042]","[0.002, 0.072, 0.927, 0.002]","[0.002, 0.002, 0.196, 0.803]","[0.002, 0.082, 0.918, 0.002]","[0.513, 0.167, 0.16, 0.16]","[0.002, 0.163, 0.834, 0.002]","[0.51, 0.17, 0.16, 0.16]","[0.2, 0.728, 0.045, 0.027]","[0.002, 0.002, 0.029, 0.971]","[0.179, 0.728, 0.051, 0.042]","[0.002, 0.237, 0.762, 0.002]","[0.002, 0.002, 0.083, 0.915]","[0.002, 0.016, 0.118, 0.865]","[0.502, 0.178, 0.16, 0.16]","[0.002, 0.046, 0.953, 0.002]","[0.002, 0.094, 0.905, 0.002]","[0.03, 0.967, 0.002, 0.002]","[0.002, 0.002, 0.114, 0.883]","[0.002, 0.173, 0.825, 0.002]","[0.002, 0.002, 0.075, 0.924]","[0.487, 0.193, 0.16, 0.16]","[0.267, 0.66, 0.04, 0.034]","[0.551, 0.193, 0.128, 0.128]","[0.002, 0.014, 0.983, 0.002]","[0.002, 0.002, 0.057, 0.942]","[0.002, 0.014, 0.985, 0.002]","[0.315, 0.575, 0.058, 0.053]","[0.479, 0.201, 0.16, 0.16]","[0.002, 0.002, 0.062, 0.936]","[0.54, 0.204, 0.128, 0.128]","[0.002, 0.109, 0.89, 0.002]","[0.002, 0.002, 0.066, 0.932]","[0.002, 0.01, 0.99, 0.002]","[0.002, 0.002, 0.058, 0.941]","[0.013, 0.982, 0.003, 0.002]","[0.002, 0.055, 0.943, 0.002]","[0.002, 0.002, 0.035, 0.963]","[0.008, 0.99, 0.002, 0.002]","[0.748, 0.088, 0.082, 0.082]","[0.006, 0.994, 0.002, 0.002]","[0.002, 0.002, 0.054, 0.945]","[0.002, 0.009, 0.989, 0.002]","[0.002, 0.002, 0.033, 0.966]","[0.75, 0.086, 0.082, 0.082]","[0.002, 0.031, 0.967, 0.002]","[0.002, 0.002, 0.082, 0.916]","[0.002, 0.998, 0.002, 0.002]","[0.731, 0.106, 0.082, 0.082]","[0.002, 0.077, 0.922, 0.002]","[0.002, 0.002, 0.106, 0.893]","[0.002, 0.112, 0.885, 0.002]","[0.002, 0.002, 0.079, 0.921]","[0.125, 0.873, 0.002, 0.002]","[0.747, 0.089, 0.082, 0.082]","[0.002, 0.025, 0.973, 0.002]"
"[0.484, 0.196, 0.16, 0.16]","[0.362, 0.442, 0.114, 0.082]","[0.002, 0.002, 0.084, 0.915]","[0.002, 0.008, 0.992, 0.002]","[0.002, 0.002, 0.003, 0.995]","[0.294, 0.611, 0.054, 0.042]","[0.002, 0.058, 0.942, 0.002]","[0.002, 0.002, 0.165, 0.834]","[0.002, 0.152, 0.848, 0.002]","[0.513, 0.167, 0.16, 0.16]","[0.002, 0.204, 0.794, 0.002]","[0.51, 0.17, 0.16, 0.16]","[0.2, 0.728, 0.045, 0.027]","[0.002, 0.002, 0.025, 0.975]","[0.143, 0.782, 0.041, 0.034]","[0.002, 0.19, 0.809, 0.002]","[0.002, 0.002, 0.066, 0.932]","[0.002, 0.013, 0.094, 0.892]","[0.502, 0.178, 0.16, 0.16]","[0.002, 0.037, 0.962, 0.002]","[0.002, 0.075, 0.924, 0.002]","[0.024, 0.973, 0.002, 0.002]","[0.002, 0.002, 0.091, 0.906]","[0.002, 0.138, 0.86, 0.002]","[0.002, 0.002, 0.06, 0.939]","[0.487, 0.193, 0.16, 0.16]","[0.267, 0.66, 0.04, 0.034]","[0.551, 0.193, 0.128, 0.128]","[0.002, 0.094, 0.904, 0.002]","[0.002, 0.002, 0.046, 0.954]","[0.002, 0.011, 0.988, 0.002]","[0.315, 0.575, 0.058, 0.053]","[0.479, 0.201, 0.16, 0.16]","[0.002, 0.002, 0.102, 0.896]","[0.54, 0.204, 0.128, 0.128]","[0.002, 0.125, 0.875, 0.002]","[0.002, 0.002, 0.124, 0.875]","[0.002, 0.008, 0.992, 0.002]","[0.002, 0.002, 0.063, 0.936]","[0.018, 0.978, 0.002, 0.002]","[0.002, 0.044, 0.954, 0.002]","[0.002, 0.002, 0.03, 0.968]","[0.006, 0.992, 0.002, 0.002]","[0.748, 0.088, 0.082, 0.082]","[0.005, 0.995, 0.002, 0.002]","[0.002, 0.002, 0.043, 0.956]","[0.002, 0.007, 0.991, 0.002]","[0.002, 0.002, 0.031, 0.968]","[0.75, 0.086, 0.082, 0.082]","[0.002, 0.035, 0.964, 0.002]","[0.002, 0.002, 0.15, 0.848]","[0.002, 0.998, 0.002, 0.002]","[0.731, 0.106, 0.082, 0.082]","[0.002, 0.065, 0.934, 0.002]","[0.002, 0.002, 0.085, 0.914]","[0.002, 0.09, 0.908, 0.002]","[0.002, 0.002, 0.077, 0.923]","[0.1, 0.898, 0.002, 0.002]","[0.747, 0.089, 0.082, 0.082]","[0.002, 0.02, 0.978, 0.002]"
"[0.484, 0.196, 0.16, 0.16]","[0.362, 0.442, 0.114, 0.082]","[0.002, 0.002, 0.067, 0.932]","[0.002, 0.006, 0.994, 0.002]","[0.002, 0.002, 0.002, 0.996]","[0.294, 0.611, 0.054, 0.042]","[0.002, 0.046, 0.954, 0.002]","[0.002, 0.002, 0.132, 0.867]","[0.002, 0.216, 0.784, 0.002]","[0.513, 0.167, 0.16, 0.16]","[0.002, 0.163, 0.835, 0.002]","[0.51, 0.17, 0.16, 0.16]","[0.2, 0.728, 0.045, 0.027]","[0.002, 0.002, 0.053, 0.947]","[0.146, 0.794, 0.033, 0.027]","[0.002, 0.152, 0.847, 0.002]","[0.002, 0.002, 0.053, 0.946]","[0.002, 0.01, 0.075, 0.914]","[0.502, 0.178, 0.16, 0.16]","[0.002, 0.036, 0.963, 0.002]","[0.002, 0.06, 0.939, 0.002]","[0.019, 0.978, 0.002, 0.002]","[0.002, 0.002, 0.082, 0.916]","[0.002, 0.19, 0.809, 0.002]","[0.002, 0.002, 0.048, 0.951]","[0.487, 0.193, 0.16, 0.16]","[0.267, 0.66, 0.04, 0.034]","[0.551, 0.193, 0.128, 0.128]","[0.002, 0.082, 0.917, 0.002]","[0.002, 0.002, 0.037, 0.963]","[0.002, 0.016, 0.984, 0.002]","[0.315, 0.575, 0.058, 0.053]","[0.479, 0.201, 0.16, 0.16]","[0.002, 0.002, 0.082, 0.917]","[0.54, 0.204, 0.128, 0.128]","[0.002, 0.1, 0.9, 0.002]","[0.002, 0.002, 0.108, 0.891]","[0.002, 0.009, 0.991, 0.002]","[0.002, 0.002, 0.05, 0.949]","[0.023, 0.974, 0.002, 0.002]","[0.002, 0.073, 0.925, 0.002]","[0.002, 0.002, 0.043, 0.955]","[0.005, 0.994, 0.002, 0.002]","[0.748, 0.088, 0.082, 0.082]","[0.004, 0.996, 0.002, 0.002]","[0.002, 0.002, 0.034, 0.965]","[0.002, 0.006, 0.993, 0.002]","[0.002, 0.002, 0.047, 0.952]","[0.75, 0.086, 0.082, 0.082]","[0.002, 0.054, 0.945, 0.002]","[0.002, 0.002, 0.122, 0.876]","[0.002, 0.998, 0.002, 0.002]","[0.731, 0.106, 0.082, 0.082]","[0.002, 0.13, 0.869, 0.002]","[0.002, 0.002, 0.137, 0.863]","[0.002, 0.072, 0.926, 0.002]","[0.002, 0.002, 0.121, 0.879]","[0.08, 0.918, 0.002, 0.002]","[0.747, 0.089, 0.082, 0.082]","[0.002, 0.016, 0.982, 0.002]"
"[0.484, 0.196, 0.16, 0.16]","[0.362, 0.442, 0.114, 0.082]","[0.002, 0.002, 0.137, 0.863]","[0.002, 0.08, 0.92, 0.002]","[0.002, 0.002, 0.005, 0.994]","[0.294, 0.611, 0.054, 0.042]","[0.002, 0.058, 0.942, 0.002]","[0.002, 0.002, 0.185, 0.814]","[0.002, 0.18, 0.82, 0.002]","[0.513, 0.167, 0.16, 0.16]","[0.002, 0.141, 0.857, 0.002]","[0.51, 0.17, 0.16, 0.16]","[0.2, 0.728, 0.045, 0.027]","[0.002, 0.002, 0.043, 0.957]","[0.117, 0.833, 0.028, 0.022]","[0.002, 0.216, 0.783, 0.002]","[0.002, 0.002, 0.042, 0.957]","[0.002, 0.008, 0.06, 0.931]","[0.502, 0.178, 0.16, 0.16]","[0.002, 0.029, 0.97, 0.002]","[0.002, 0.048, 0.951, 0.002]","[0.015, 0.982, 0.002, 0.002]","[0.002, 0.002, 0.072, 0.926]","[0.002, 0.152, 0.847, 0.002]","[0.002, 0.002, 0.038, 0.961]","[0.487, 0.193, 0.16, 0.16]","[0.267, 0.66, 0.04, 0.034]","[0.551, 0.193, 0.128, 0.128]","[0.002, 0.066, 0.934, 0.002]","[0.002, 0.002, 0.03, 0.97]","[0.002, 0.021, 0.979, 0.002]","[0.315, 0.575, 0.058, 0.053]","[0.479, 0.201, 0.16, 0.16]","[0.002, 0.002, 0.066, 0.934]","[0.54, 0.204, 0.128, 0.128]","[0.002, 0.08, 0.92, 0.002]","[0.002, 0.002, 0.086, 0.913]","[0.002, 0.007, 0.993, 0.002]","[0.002, 0.002, 0.058, 0.941]","[0.04, 0.958, 0.002, 0.002]","[0.002, 0.1, 0.899, 0.002]","[0.002, 0.002, 0.034, 0.964]","[0.004, 0.995, 0.002, 0.002]","[0.748, 0.088, 0.082, 0.082]","[0.003, 0.997, 0.002, 0.002]","[0.002, 0.002, 0.051, 0.949]","[0.002, 0.005, 0.994, 0.002]","[0.002, 0.002, 0.119, 0.88]","[0.75, 0.086, 0.082, 0.082]","[0.002, 0.059, 0.941, 0.002]","[0.002, 0.002, 0.098, 0.901]","[0.002, 0.998, 0.002, 0.002]","[0.731, 0.106, 0.082, 0.082]","[0.002, 0.104, 0.895, 0.002]","[0.002, 0.002, 0.11, 0.89]","[0.002, 0.069, 0.929, 0.002]","[0.002, 0.002, 0.107, 0.893]","[0.064, 0.934, 0.002, 0.002]","[0.747, 0.089, 0.082, 0.082]","[0.002, 0.013, 0.986, 0.002]"
